faq2_id,q_title,q_writer,q_date,question,a_depart,a_date,answer
1,서울대병원 주차장 시설 안전관리 관련 재조사 요청 (단순 전달 조치로는 미흡),임○○,2025-12-11 13:52:36,"안녕하십니까.
귀 기관의 반복 답변에 감사드리며, 아래 사유로 재차 민원을 제출드립니다.

이번 사안은 단순히 병원 내부의 요금 문제나 민사상 분쟁에 그치는 것이 아니라,
지자체가 감독·점검해야 하는 공공시설 안전관리 및 영조물 책임에 해당하는 사안임을 다시 한번 명확히 말씀드립니다.

1. 시설 귀책 가능성은 병원의 ‘추가요금 환불 조치’로 이미 일부 확인됩니다.

서울대학교병원은 사전정산 후 발생한 추가요금 8,000원을 환불하였습니다.
이는 출차 지연이 단순 이용자 귀책이 아니라 시설 운영·안전 문제 때문일 가능성이 높다는 점을 병원 스스로 인정한 조치로 볼 수 있습니다.

2. 반복적 사고 흔적 및 협소한 구조는 시설 안전점검 대상입니다.

해당 주차장에는 회전부 기둥과 보호패드에 여러 차량의 스크래치 흔적, 협소한 회전 반경, 미흡한 안전설비(반사경·보호패드·유도선 부족) 이 확인됩니다.

이는 반복사고 가능성이 높은 구조적 위험 요소이며, 「시설물의 안전 및 유지관리에 관한 법률」과 「건축물 관리법」에 따른 지자체의 현장점검 대상입니다.

3. 배상책임보험 미가입 여부는 공공성 있는 시설에 대한 중대한 행정 감독 사항입니다.

병원 측을 통해 해당 주차장이 배상책임보험에 가입되어 있지 않다는 사실을 확인했습니다.
공공성을 갖는 대형병원 부속시설이 보험에 미가입된 것은 이용자 보호시설 안전관리 측면에서 지자체가 반드시 확인하고 지도해야 할 사안입니다.

이는 민사 분쟁이 아니라 지자체의 행정적 감독 의무와 관련된 사항입니다.

4. CCTV 확인은 수사 목적이 아닌 행정 판단 목적으로 검토가 가능합니다.

구청에서는 CCTV 확인이 수사 영역이라고 답변하였으나,
지자체는 수사 목적이 아닌 행정 판단 목적으로 CCTV 내용을 검토할 수 있습니다.
이는 행정청의 관리·점검 범위 내에 있습니다.

5. 요청사항: 현장점검을 포함한 행정적 판단 요청

위와 같은 이유로, 이번 사안은 병원 단독의 결정이나 민사 문제로만 귀결될 수 있는 것이 아닙니다.
이에 아래 사항에 대해 구청의 현장점검을 포함한 재검토를 요청드립니다.

- 회전구간 및 구조적 협소 여부
- 반복 사고 가능성 및 보호설비 설치 적정성
- 안전시설 강화 필요 여부
- 운영 시스템(사전정산, 정체추가요금)의 적정성
- 배상책임보험 미가입의 적정성

적극적인 검토를 부탁드립니다.

전차 답변에서 병원 측에 내용을 전달하셨다고 하였으나,
본 사안은 단순 전달로 해결될 성격이 아니라
시설 안전성, 반복 사고 가능성, 배상책임보험 미가입 여부 등 지자체의 직접적 행정 판단이 필요한 사항입니다.
단순 안내 조치만으로는 민원의 본질적 해결이 이루어질 수 없음을 다시 한 번 말씀드립니다.

감사합니다.",도시관리국 건축과,2025-12-15 10:31:21,귀하께서 요구하신 기 답변에 대한 재답변 요구에 대하여 「민원처리에 관한 법률」제23조(반복 및 중복 민원처리)에 따라 종전 민원과 내용적 유사성·관련성 및 동일한 답변을 할 수 밖에 없는 사정 등을 종합적으로 고려하여 기 답변자료로 갈음하고자 하오니 양해하여 주시기 바랍니다. 답변에 대하여 더욱 궁금하신 사항이 있으시면 우리구 건축과 담당 임요셉 주무관(☎ 02-2148-2782)에게 연락주시면 성심성의껏 안내드리겠습니다. 감사합니다. 끝.
2,종로구 부암동 제설함 염화칼슘 부족 및 제설 차량 늦은 투입으로 인한 교통불편 개,성○○,2025-12-05 12:40:43,"안녕하세요
종로구 부암동 주민입니다.
자하문로 260-4 부근 제설함 부족 및 제설 도구, 염화칼슘이 너무 부족했습니다.
이미 비어있는 제설함도 많았고, 갑작스러운 자연재해에 대처를 하기가 어려웠습니다.

어제 같은 폭설에 제설 차량 늦은 투입으로 경복궁역 - 자하문 터널까지 3:00간 정체가 발생했습니다. (이게 서울에서 가능한 일일까요?)
그러던 중 주차 단속 차량 공무원은 차량을 길가 중간에 세워 꼬리물기 단속 촬영하는 모습까지 보이더군요...
자연재해로 사람들이 정체로 움직이지 못하는 상황인데 교통정리를 돕기를 커녕
단속에 빠져있는 모습이 참으로 안타깝네요...

인명피해보다 단속이 먼저라는 부분이 우리 구가 지양하는 모습이구나 했습니다.

1. 제설함 염화칼슘 부족
2. 제설 차량 빠른 무대응
3. 열선 추가 설치 건의 (유원 빌라 오르막길) 260-4",부암동,2025-12-16 15:07:53,"1. 안녕하십니까? 귀하께서 신청하신 민원에 대한 검토 결과를 다음과 같이 알려드립니다.

2. 귀하의 민원내용은 제설제 보충 요청과 제설 차량을 활용한 제설 작업에 관한 것으로 판단됩니다.

3. 저희 동에서는 강설에 대비하여 해당 장소에 제설제를 사전에 보충해 두었으나, 폭설로 인해 인근 주민들께서 빠르게 사용하시어 제설제가 소진된 것으로 여겨집니다. 현장 확인 후, 일대 제설함에 제설제를 보충 완료하였음을 알려드립니다.또한 제설 차량 운영과 관련하여 말씀하신 구간인 간선도로 제설을 소관하는 서울특별시 북부도로사업소에서 퇴근 시간대와 겹쳐 도로의 제설작업에 어려움이 있었던 것으로 파악됩니다. 동 주민센터에서는 이면도로의 제설 작업을 신속하게 진행해야 했기에 간선도로의 제설을 진행하기에는 어려움이 있었습니다.
폭설로 인해 퇴근길에 큰 불편을 겪으신 점에 대하여 사과드리며, 앞으로 해당 구역을 비롯한 부암동 제설 작업 및 제설함 보충 작업에 대해 더욱 세심하게 신경쓰도록 하겠습니다.

4. 추가 문의사항이 있으실 경우 부암동주민센터 성용화 주무관(☎02-2148-5093)에게연락주시면 친절하게 설명하여 드리도록 하겠습니다. 감사합니다. 끝."
3,창신길이 불법 주정차 구역인지 확인하고 싶어요,김○○,2025-11-24 14:50:40,"안녕하세요.
서울시 종로구 창신길 관련하여 주정차 단속 여부에 대해 문의드립니다.

창신길은 인도와 차도가 구분되지 않은 도로로, 보행자와 차량이 뒤섞여 통행하는 구조라 안전사고 위험이 상존하고 있습니다. 특히 오토바이 통행도 많아 보행 환경이 더욱 불안정한 상황입니다.

이와 더불어 도로 양측에 차량과 오토바이가 상시 주정차하고 있어 차량 한 대가 겨우 통과할 정도로 통행이 매우 어려운 상태입니다. 최근 창신소담공영주차장이 신설되어 별도의 주차 공간이 확보된 상황에서도 불법 주정차가 지속되고 있습니다.

이에 따라 아래 사항에 대해 확인 요청드립니다.

1. 창신길 양측에 주정차하는 차량들이 불법주정차 단속 대상에 해당하는지
2. 불법주정차 단속 구역에 해당 한다면 단속대상 시간이 있는지 (평일, 주말 및 공휴일에 따라 변동되는지)

확인 부탁드립니다. 감사합니다.",도시재생국 주차관리과,2025-11-28 10:55:55,"1. 우리 구정 발전을 위하여 협조하여 주시는 귀하께 감사드립니다.
2. 귀하께서 제기하신 민원은 창신길 일대 주정차 단속 여부 및 단속 시간에 관한 사항으로 이해되어 다음과 같이 답변드립니다.
3. 먼저, 창신길은 인도와 차도가 명확히 구분되지 않은 보행 취약 구간으로, 차량 및 오토바이의 상시 주정차로 통행 불편을 겪으신 점에 대해 사과드립니다.
4. 창신길은 상시 주정차 금지구역으로 지정되어 있어 불법 주정차 시 「도로교통법」에 따른 단속 대상에 해당합니다. 다만, 시장길의 특성을 고려하여 물품 상·하차가 필요한 경우에는 일정 범위 내에서 단속을 유예하고 있음을 알려드립니다.
5. 현재 우리 구에서는 창신길 일대에 고정형 CCTV 2대를 설치하여 24시간 주정차 단속을 실시하고 있으며, 불법 주정차 신고 접수 시(다산콜센터 02-120 또는 주정차 단속팀 02-2148-3374·3375) 현장 확인 후 즉시 단속 및 이동조치를 하고 있습니다. 또한, 최근 신설된 창신소담공영주차장 등 인근 주차시설을 적극 활용하실 수 있도록 관련 부서와 협업하여 지속적으로 안내할 예정입니다.
6. 귀하의 관심과 제보는 원활한 차량 소통과 보행 안전 확보에 큰 도움이 되고 있으며, 앞으로도 쾌적한 도로환경 조성을 위해 최선을 다하겠습니다. 귀하의 건강과 행복을 기원합니다. 끝."
4,관광버스 불법 주차 단속 철저히,이○○,2025-11-16 15:11:11,"국립현대미술관과 경복궁
경복궁역 공항버스 정류장에 혼잡하게 불법 주차를
오랜시간 지속적으로 하고 있습니다
철저한 단속과 제지가 필요합니다
그로인해 교통 혼잡하고 통행도 불편합니다
부탁드립니다
감사합니다^^",도시재생국 주차관리과,2025-11-24 10:22:30,"1. 안녕하십니까? 귀하께서 제기하신 민원은 경복궁 주변 삼청로 등 일대 공항버스 정류장 인근에서의 지속적인 불법주정차로 인한 교통 혼잡과 통행 불편 해소를 요청하신 것으로 이해됩니다.

2. 먼저, 경복궁 주변 일대 관광버스 대기행렬로 인한 교통 체증과 주민 불편에 대해 깊은 유감을 표합니다. 특히 관광성수기에는 해당 지역에 관광버스가 집중되어 교통 혼잡을 가중시키고 있는 점을 잘 인지하고 있으며, 이 문제를 해결하기 위해 지속적으로 노력하고 있습니다.

3. 다만, 관광버스가 경복궁 동측 주차장으로 진입하기 위해 대기하는 차량은 주행 상태로 간주되기 때문에 도로교통법 상 불법주정차로 간주되지 않아 단속에 한계가 있음을 양해해 주시기 바랍니다.

4. 그럼에도 불구하고, 우리 구는 경복궁 동측에 불법주정차 단속용 CCTV를 추가 설치하고, 관광객이 많은 행락철 및 성수기 기간에는 주행형 CCTV를 활용한 순회 단속을 강화하고 있습니다. 또한, 경복궁 주변 교통질서 안내요원을 고정 배치하고 더불어 종로경찰서와 협조하여 교통통제와 안전조치를 강화하고 있음을 알려드립니다.

5. 또한, 서울시는 송현문화공원에 관광버스 주차장을 조성하여 경복궁 일대 관광버스 주차난을 해소할 계획이므로, 중장기적으로 문제 해결에 기여할 것으로 기대하고 있습니다.

6. 향후에도 종로구는 교통 불편을 최소화하고 관광버스 주차 문제 해결을 위해 관련 기관과 협력하여 지속적으로 노력할 것을 안내드립니다.

7. 귀하께서 겪고 계신 불편에 대해 깊이 공감하며, 이를 해소하기 위한 최선의 노력을 다할 것입니다. 귀하의 소중한 관심에 감사드리며, 건강과 행복이 늘 함께 하시기를 기원합니다. 추가 문의사항이 있으시면 종로구 주차관리과 이승훈 주무관(☎ 02-2148-3372)에게 연락 주시면 자세히 안내드리겠습니다. 감사합니다. 끝."
5,황학정 주차장 흡연구역 철거 및 주변환경 정비,최○○,2025-11-13 21:52:44,"종로구 황학정 주차장 내 흡연구역과 관련하여 심각한 안전 및 환경 문제로 민원을 제기합니다.

해당 흡연구역은 황학정 행사 기간에 한시적으로 설치된 것으로 알고 있습니다. 그러나 행사가 종료된 지 상당한 시간이 지났음에도 불구하고, 흡연구역이 철거되지 않은 채 그대로 유지되고 있습니다.
현재 그 주변에는 담배꽁초와 일반 쓰레기가 무분별하게 버려져 있으며, 위치상 인왕산 입구 바로 인근으로, 화재 위험이 매우 높은 구간입니다. 가을철 건조한 시기인 지금, 단 한 개의 담배꽁초로도 큰 산불로 이어질 수 있는 상황입니다.
그럼에도 불구하고, 일부 직원들의 요구로 흡연구역을 계속 유지하고 있다는 이야기가 들려 매우 유감스럽습니다.
공공시설은 개인의 편의를 위한 공간이 아니라, 주민의 안전과 공익을 최우선으로 해야 합니다.

이에 다음 사항을 강력히 요청드립니다.

1. 황학정 주차장 내 임시 흡연구역의 즉시 철거

2. 주변 담배꽁초 및 쓰레기 전면 정비

3. 인왕산 입구 주변 화재 예방 점검 및 순찰 강화 조치

이 문제는 단순한 환경 미화 차원을 넘어, 주민 안전과 산불 예방의 긴급 사안입니다.
종로구청의 신속하고 책임 있는 조치를 요청드립니다.
감사합니다.",도시관리국 도시녹지과,2025-11-26 09:04:34,"[민원 처리에 관한 법률] 제23조(반복 및 중복 민원의 처리)에 따라 종결처리하오니 기답변을 참고하시길 바랍니다.

제23조(반복 및 중복 민원의 처리)

① 행정기관의 장은 민원인이 동일한 내용의 민원(법정민원을 제외한다. 이하 이 조에서 같다)을 정당한 사유 없이 3회 이상 반복하여 제출한 경우에는 2회 이상 그 처리결과를 통지하고, 그 후에 접수되는 민원에 대하여는 종결처리할 수 있다."
6,낙산냉면으로 인한 주민불편,김○○,2025-11-02 22:00:55,"지봉로 5길8 낙산냉면 앞 이면도로 매일같이 반복되는 가게앞 불법주차로 인한 차량 교행불가 및 창일공영주차장 입차불가문제 몇년째 반복되는 상황인데 낙산냉면도 나몰라라 종로구청도 나몰라라 인근 거주하는 주민들만 몇년째 피해를 보는 상황입니다
창일공영주차장은 사실상 거주자우선 주차장인데 낙산냉면 손님들이 입차가 안되는 상황인데도 출입구를 막고있어서 거주자들은 입차를 못하는 상황입니다
다산콜센터에 전화해서 단속요청을해도 2시간뒤에 단속을하러 나오니 이미 상황은 종료된 상황
지금까지 몇년을 고통받으며 살고있는데 앞으로도 몇년동안 더 고통을 받아야되는지
낙산냉면과 종로구청은 이 상황을 언제까지 모른척할껀지 아니면 누가가서 가게에 불이라도 질러야 이 상황이 끝날지 모르겠습니다",도시재생국 주차관리과,2025-11-11 10:29:35,"1. 우리 구 구정발전을 위해 협조하여 주시는 귀하께 감사드립니다.
2. 귀하께서 제기하신 민원은 지봉로5길8(낙산냉면앞) 일대 불법주차로 인한 차량 교행불가 및 창일공영주차장 입차불가로 불편하신 사항을 제기 하신 것으로 이해되어 아래와 같이 답변드리 겠습니다.
3. 먼저, 해당 지역의 불법주차로 인해 장기간 교통 불편을 겪고 계신 점에 대해 깊이 공감하며, 불편을 드린 점 진심으로 죄송합니다
4. 현재 해당 구간 주변은 폭이 협소한 이면도로가 이어진 구간으로 음식점 방문 차량 및 인근 상가 이용 차량의 불법주정차가 자주 발생하는 지역으로 주민 불편을 최소화하고 안전을 확보하기 위해 고정형 CCTV단속을 설치하여 24시간 집중 단속하고 있는 구간입니다. 또한 병행하여 민원접수 시 과태료 위주의 현장단속을 실시하고 있습니다.
5. 다만, 낙산냉면 등 지역상권 주변에는 점심시간대(11:00~13:30) 도로통행에 장애를 주지 않는 범위 안에서 단속을 완화하여 지역경제 활성화를 도모하고 있음을 양해해 주시기 바랍니다. 도로통행 장애 및 사고위험성이 있는 경우 과태료 부과 단속을 하고 있습니다.
6. 앞으로도 우리 구는 구민들의 안전과 편의를 최우선으로 고려하면서, 교통여건과 지역경제 활성화를 균형 있게 반영할 수 있도록 다각적인 방안을 계속 모색해 나가겠습니다.
7. 귀하의 상심에 깊은 위로의 말씀을 드리며 추가적인 문의사항이 있으실 경우 주차관리과 김선희(☎ 02-2148-3373)에게 연락주시면 안내 드리도록 하겠습니다. 감사합니다. 끝."
7,도로앞 불법 자재물 (할리우드)_6,김○○,2025-11-01 01:48:23,"저의집 앞에 사람이 지나갈수 있는 도로앞 불법 자재물 신고 및 민원신청합니다.
특히 할리우드(낙산성곽서길 101)이라는 집에서 각종 자제물 을 쌓아 놓습니다.
주민분들 및 관광색들이 불편하시고 또한 저도 많이 불편 합니다. 제가 직접 말씀해도
말로만 치우신다고 해놓고 절대로 안하십니다.
단속반이 몇 번 와서 경고 딱지 스티커만 붙이고 특별한 단속이 없습니다.
점심 및 저녁에는 할리우드(낙산성곽서길 101)가 시끄럽께 노래를 틀어놔서 저의집 까지 울립니다.
다른 주민분들 및 저도 진짜 많이 참았습니다. 사람이로서 예의는 지켜야 되지 않겠습니까?
특히 자제물 쌓은지가 7년 되었습니다.
자기네 땅 주인하는것 처럼 자재물이나 차도 6~7를 대놨습니다. 다른 주민분들이 주차를 못하십니다.
공공장소에서 이러는게 맞습니까?
경고 딱지에 10월30일이 지났습니다. 강한처벌과 엄격한 대응 조치가 필요합니다. 빠른 조치 부탁드립니다.",도시재생국 주차관리과,2025-11-10 16:57:14,"1 우리 구 구정발전을 위해 협조하여 주시는 귀하께 감사드립니다.
2. 귀하께서 접수해 주신 민원은 할리우드(낙산성곽서길 101)카페에서 도로에
주차시킨 차량들로 인해 불편하다는 의견으로 이해되어 이에대한 답변을 드립니다.
3. 귀하가 지적하신 낙산성곽서길 101 주변 현장 확인 결과 해당 구간은 [도로교통법]제32조 제7호
및 제33조 제3호에 따른 주정차 금지 표시(황색 점, 실선)가 설치되어 있지 않아 현재 법적 근 거에 따른 직접적인 단속 및 과태료 부과에는 한계가 있음을 알려드립니다.
4. 주차단속팀에서는 현장 질서 유지를 위해 지속적으로 모니터링하고 실질적인 개선이 이 루어 지도록 노력 하겠습니다.
5. 기타불편이 있을 시 다산콜센터(02-120) 및 단속반(02-2148-3374~5) 으로 연락해 주시면 최대한 신속한 조치가 되도록 하겠습니다. 끝."
8,도로앞 불법 자재물 (할리우드)_5,김○○,2025-11-01 01:46:35,"저의집 앞에 사람이 지나갈수 있는 도로앞 불법 자재물 신고 및 민원신청합니다.
특히 할리우드(낙산성곽서길 101)이라는 집에서 각종 자제물 을 쌓아 놓습니다.
주민분들 및 관광색들이 불편하시고 또한 저도 많이 불편 합니다. 제가 직접 말씀해도
말로만 치우신다고 해놓고 절대로 안하십니다.
단속반이 몇 번 와서 경고 딱지 스티커만 붙이고 특별한 단속이 없습니다.
점심 및 저녁에는 할리우드(낙산성곽서길 101)가 시끄럽께 노래를 틀어놔서 저의집 까지 울립니다.
다른 주민분들 및 저도 진짜 많이 참았습니다. 사람이로서 예의는 지켜야 되지 않겠습니까?
특히 자제물 쌓은지가 7년 되었습니다.
자기네 땅 주인하는것 처럼 자재물이나 차도 6~7를 대놨습니다. 다른 주민분들이 주차를 못하십니다.
공공장소에서 이러는게 맞습니까?
경고 딱지에 10월30일이 지났습니다. 강한처벌과 엄격한 대응 조치가 필요합니다. 빠른 조치 부탁드립니다.",도시재생국 주차관리과,2025-11-10 16:57:12,"1 우리 구 구정발전을 위해 협조하여 주시는 귀하께 감사드립니다.
2. 귀하께서 접수해 주신 민원은 할리우드(낙산성곽서길 101)카페에서 도로에
주차시킨 차량들로 인해 불편하다는 의견으로 이해되어 이에대한 답변을 드립니다.
3. 귀하가 지적하신 낙산성곽서길 101 주변 현장 확인 결과 해당 구간은 [도로교통법]제32조 제7호
및 제33조 제3호에 따른 주정차 금지 표시(황색 점, 실선)가 설치되어 있지 않아 현재 법적 근 거에 따른 직접적인 단속 및 과태료 부과에는 한계가 있음을 알려드립니다.
4. 주차단속팀에서는 현장 질서 유지를 위해 지속적으로 모니터링하고 실질적인 개선이 이 루어 지도록 노력 하겠습니다.
5. 기타불편이 있을 시 다산콜센터(02-120) 및 단속반(02-2148-3374~5) 으로 연락해 주시면 최대한 신속한 조치가 되도록 하겠습니다. 끝."
9,도로앞 불법 자재물 (할리우드)_4,김○○,2025-11-01 01:44:10,"저의집 앞에 사람이 지나갈수 있는 도로앞 불법 자재물 신고 및 민원신청합니다.
특히 할리우드(낙산성곽서길 101)이라는 집에서 각종 자제물 을 쌓아 놓습니다.
주민분들 및 관광색들이 불편하시고 또한 저도 많이 불편 합니다. 제가 직접 말씀해도
말로만 치우신다고 해놓고 절대로 안하십니다.
단속반이 몇 번 와서 경고 딱지 스티커만 붙이고 특별한 단속이 없습니다.
점심 및 저녁에는 할리우드(낙산성곽서길 101)가 시끄럽께 노래를 틀어놔서 저의집 까지 울립니다.
다른 주민분들 및 저도 진짜 많이 참았습니다. 사람이로서 예의는 지켜야 되지 않겠습니까?
특히 자제물 쌓은지가 7년 되었습니다.
자기네 땅 주인하는것 처럼 자재물이나 차도 6~7를 대놨습니다. 다른 주민분들이 주차를 못하십니다.
공공장소에서 이러는게 맞습니까?
경고 딱지에 10월30일이 지났습니다. 강한처벌과 엄격한 대응 조치가 필요합니다. 빠른 조치 부탁드립니다.",도시재생국 주차관리과,2025-11-10 16:57:11,"1 우리 구 구정발전을 위해 협조하여 주시는 귀하께 감사드립니다.
2. 귀하께서 접수해 주신 민원은 할리우드(낙산성곽서길 101)카페에서 도로에
주차시킨 차량들로 인해 불편하다는 의견으로 이해되어 이에대한 답변을 드립니다.
3. 귀하가 지적하신 낙산성곽서길 101 주변 현장 확인 결과 해당 구간은 [도로교통법]제32조 제7호
및 제33조 제3호에 따른 주정차 금지 표시(황색 점, 실선)가 설치되어 있지 않아 현재 법적 근 거에 따른 직접적인 단속 및 과태료 부과에는 한계가 있음을 알려드립니다.
4. 주차단속팀에서는 현장 질서 유지를 위해 지속적으로 모니터링하고 실질적인 개선이 이 루어 지도록 노력 하겠습니다.
5. 기타불편이 있을 시 다산콜센터(02-120) 및 단속반(02-2148-3374~5) 으로 연락해 주시면 최대한 신속한 조치가 되도록 하겠습니다. 끝."
10,도로앞 불법 자재물 (할리우드),이○○,2025-11-01 01:41:29,"저의집 앞에 사람이 지나갈수 있는 도로앞 불법 자재물 신고 및 민원신청합니다.
특히 할리우드(낙산성곽서길 101)이라는 집에서 각종 자제물 을 쌓아 놓습니다.
주민분들 및 관광색들이 불편하시고 또한 저도 많이 불편 합니다. 제가 직접 말씀해도
말로만 치우신다고 해놓고 절대로 안하십니다.
단속반이 몇 번 와서 경고 딱지 스티커만 붙이고 특별한 단속이 없습니다.
점심 및 저녁에는 할리우드(낙산성곽서길 101)가 시끄럽께 노래를 틀어놔서 저의집 까지 울립니다.
다른 주민분들 및 저도 진짜 많이 참았습니다. 사람이로서 예의는 지켜야 되지 않겠습니까?
특히 자제물 쌓은지가 7년 되었습니다.
자기네 땅 주인하는것 처럼 자재물이나 차도 6~7를 대놨습니다. 다른 주민분들이 주차를 못하십니다.
공공장소에서 이러는게 맞습니까?
경고 딱지에 10월30일이 지났습니다. 강한처벌과 엄격한 대응 조치가 필요합니다. 빠른 조치 부탁드립니다.",도시안전국 가로정비과,2025-11-07 13:30:13,"1. 안녕하십니까? 구정에 많은 관심을 주셔서 진심으로 감사드리며, 제기하신 민원에 대하여 아래와 같이 회신하여 드립니다.

가. 민원요지
○ 적치물 신고
나. 답변내용
○ 해당 적치물로 인해 통행에 불편을 끼쳐 송구스럽게 생각합니다. 현장 단속반이 해당 적치물을 강제수거하였습니다. 추가 적치상황이 발생하지 않도록 앞으로도 지속적으로 순찰하겠습니다.
○ 구정발전을 위해 귀한 의견 주셔서 다시 한번 감사드리며 쾌적한 보행환경을 조성하기 위해 노력을 다하겠습니다.

2. 추가 문의사항은 종로구 가로정비과(02-2148-2717)로 연락 주시면 친절히 답변해 드리겠습니다. 감사합니다.

붙임 현장사진 1부. 끝.

※ 첨부파일 :
현장사진.jpg"
11,도로앞 불법 자재 (할리우드)_2,이○○,2025-11-01 01:26:41,"저의집 앞에 사람이 지나갈수 있는 도로앞 불법 자재물 신고 및 민원신청합니다.
특히 할리우드(낙산성곽서길 101)이라는 집에서 각종 자제물 을 쌓아 놓습니다.
주민분들 및 관광색들이 불편하시고 또한 저도 많이 불편 합니다. 제가 직접 말씀해도
말로만 치우신다고 해놓고 절대로 안하십니다.
단속반이 몇 번 와서 경고 딱지 스티커만 붙이고 특별한 단속이 없습니다.
점심 및 저녁에는 할리우드(낙산성곽서길 101)가 시끄럽께 노래를 틀어놔서 저의집 까지 울립니다.
다른 주민분들 및 저도 진짜 많이 참았습니다. 사람이로서 예의는 지켜야 되지 않겠습니까?
특히 자제물 쌓은지가 7년 되었습니다.
자기네 땅 주인하는것 처럼 자재물이나 차도 6~7를 대놨습니다. 다른 주민분들이 주차를 못하십니다.
공공장소에서 이러는게 맞습니까?
경고 딱지에 10월30일이 지났습니다. 강한처벌과 엄격한 대응 조치가 필요합니다. 빠른 조치 부탁드립니다.",도시안전국 가로정비과,2025-11-07 13:30:11,"1. 안녕하십니까? 구정에 많은 관심을 주셔서 진심으로 감사드리며, 제기하신 민원에 대하여 아래와 같이 회신하여 드립니다.

가. 민원요지
○ 적치물 신고
나. 답변내용
○ 해당 적치물로 인해 통행에 불편을 끼쳐 송구스럽게 생각합니다. 현장 단속반이 해당 적치물을 강제수거하였습니다. 추가 적치상황이 발생하지 않도록 앞으로도 지속적으로 순찰하겠습니다.
○ 구정발전을 위해 귀한 의견 주셔서 다시 한번 감사드리며 쾌적한 보행환경을 조성하기 위해 노력을 다하겠습니다.

2. 추가 문의사항은 종로구 가로정비과(02-2148-2717)로 연락 주시면 친절히 답변해 드리겠습니다. 감사합니다.

붙임 현장사진 1부. 끝.

※ 첨부파일 :
현장사진.jpg"
12,도로앞 불법 자재물 (할리우드),이○○,2025-11-01 01:21:17,"저의집 앞에 사람이 지나갈수 있는 도로앞 불법 자재물 신고 및 민원신청합니다.
특히 할리우드(낙산성곽서길 101)이라는 집에서 각종 자제물 을 쌓아 놓습니다.
주민분들 및 관광색들이 불편하시고 또한 저도 많이 불편 합니다. 제가 직접 말씀해도
말로만 치우신다고 해놓고 절대로 안하십니다.
단속반이 몇 번 와서 경고 딱지 스티커만 붙이고 특별한 단속이 없습니다.
점심 및 저녁에는 할리우드(낙산성곽서길 101)가 시끄럽께 노래를 틀어놔서 저의집 까지 울립니다.
다른 주민분들 및 저도 진짜 많이 참았습니다. 사람이로서 예의는 지켜야 되지 않겠습니까?
특히 자제물 쌓은지가 7년 되었습니다.
자기네 땅 주인하는것 처럼 자재물이나 차도 6~7를 대놨습니다. 다른 주민분들이 주차를 못하십니다.
공공장소에서 이러는게 맞습니까?
경고 딱지에 10월30일이 지났습니다. 강한처벌과 엄격한 대응 조치가 필요합니다. 빠른 조치 부탁드립니다.",도시안전국 가로정비과,2025-11-07 13:30:10,"1. 안녕하십니까? 구정에 많은 관심을 주셔서 진심으로 감사드리며, 제기하신 민원에 대하여 아래와 같이 회신하여 드립니다.

가. 민원요지
○ 적치물 신고
나. 답변내용
○ 해당 적치물로 인해 통행에 불편을 끼쳐 송구스럽게 생각합니다. 현장 단속반이 해당 적치물을 강제수거하였습니다. 추가 적치상황이 발생하지 않도록 앞으로도 지속적으로 순찰하겠습니다.
○ 구정발전을 위해 귀한 의견 주셔서 다시 한번 감사드리며 쾌적한 보행환경을 조성하기 위해 노력을 다하겠습니다.

2. 추가 문의사항은 종로구 가로정비과(02-2148-2717)로 연락 주시면 친절히 답변해 드리겠습니다. 감사합니다.

붙임 현장사진 1부. 끝.

※ 첨부파일 :
현장사진.jpg"
13,채널A 불법주정차 및 종로구 주차관리과 신고합니다.,이○○,2025-10-31 17:01:42,"서울 종로구 청계천로 11 주한이스라엘 대사관 앞 도로에
채널A에서 취재차량이라는 명목으로 1년내내 불법 주정차를 하고있습니다.
얼마나 불법주정차가 오래 지속됐으면 네이버 거리뷰에도 불법주정차 차량이 계속 찍히고있는상황입니다.

상황이 이런데도 종로구에서는 취재차량이라 단속이 안된다는 답변만 할 뿐
별다른 조치를 취하지도 않고 있습니다.
바로 옆에 본인들 건물이 있는데도 매번 같은곳에 불법으로 주정차를 하고있습니다.
1년내내요

더군다나 저곳에 불법주정차를 하게되면 우체국 골목에서 나오는 차량들이 시야확보가 안되어 사고의 위험이 큰 곳입니다.

취재차량이 무슨 암행어사 마패도 아니고, 저기가 취재장소도 아닌데 불법주정차를 계속하나요
그리고 종로구에는 돈을 얼마를 받았길래 단속을 못하는걸까요?

종로구 담당자와 채널A 모두 조사가 필요합니다.",도시재생국 주차관리과,2025-11-10 09:13:18,"1. 안녕하십니까? 귀하께서 제기하신 민원은 청계천로 11 주한이스라엘 대사관 주변 방송사 채널A 취재차량 상습 불법주정차에 대한 불편사항으로 이해되며, 검토한 내용을 다음과 같이 답변드립니다.

2. 귀하께서 말씀하신 내용을 확인한 결과, 도로 위 취재차량이 불법주정차를 한 경우 일반차량과 마찬가지로 도로교통법에 따라 불법 주정차에 해당하며, 이는 단속 대상임을 안내드립니다. 종로구청 주차관리과에서는 해당 민원이 접수 시 현장에 출동하여 계고 및 이동조치 등 단속 절차를 철저히 이행하고 있습니다.

3. 다만, 취재차량에 운전자가 탑승 중인 상태에서는 과태료 단속이 제한될 수 있으며, 이러한 상황은「도로교통법」상 주차위반 과태료 부과 대상 (같은법 시행령 [별표 6]) 에는 해당되지 않으며, 현장에서 즉시 단속이 가능한 경찰의 범칙금 단속 대상에 해당됨을 안내드립니다.

4. 주차단속 공무원은 법령이 허용하는 범위 내에서 교통장해 발생 여부를 종합적으로 판단하여 계도 또는 단속 조치를 시행하고 있으며, 현장 상황에 따라 즉시 단속이 어려운 경우 사전 계도 방식으로 운영되고 있음을 양지하여 주시기 바랍니다. 향후 동일한 행위가 반복될 경우, 관할 경찰서에 즉시 신고하시면 경찰 현장 단속이 가능함을 안내드립니다.

5. 귀하의 상심에 깊은 위로의 말씀을 드리며 추가적인 문의사항이 있으실 경우 주차관리과 이승훈(☎ 02-2148-3372)에게 연락주시면 안내 드리도록 하겠습니다. 감사합니다. 끝."
14,불법주차 및 견인,김○○,2025-10-22 14:13:50,"저는 낙산성곽길 94-1 거주중입니다.
10월 13일부터 낙산성곽길 걷고싶은길 정비사업을 한다고 통행을 제한하고 주차차량을 전부 빼달라고 했습니다.
평소 주차장이 없는 지역이라 14일에도 통행을 막지않아서 주차가 가능한지 종로구청에 문의했습니다. 그랬더니 전화받은 직원께서 설명하기를 아직 문화재청 허가를 받는 중이라 공사와 단속을 시작하게되면 휴대폰 번호로 알려준다고 했습니다.
다른 통지를 받은 것 없이 20일 오후5시에 견인을 당했는데 이런 조치와 관련해 이의제기하고 견인비 등을 돌려받을 수 있는 방법이 있을지 궁금합니다.",도시재생국 주차관리과,2025-10-24 11:27:28,"1 우리 구 구정발전을 위해 협조하여 주시는 귀하께 감사드립니다.
2. 귀하의 민원내용은 「낙산성곽길 일대 걷고싶은 거리 조성」사업으로 인한 주차단속 그리고 견인되어 불편사항을 신고한 것으로 이해되며 또한 전화받은 직원이 단속을 하게되면 휴대전화로 알려준다고 한점을 신고한 것으로 이해되어 이에 대한 답변을 드리겠습니다.
3. 우선 「낙산성곽길 일대 걷고싶은 거리 조성」사업과 관련하여, 주관부서인 도로과에서는 공사에 대한 사전 안내및 홍보를 현수막을 통해 진행한바 있습니다. 이에따라 주차단속팀에서는 차량이동 지시서를 발부하고,유선 전화등을 통해 현장 조치를 취해왔습니다.
4. 또한 해당 지역은 「낙산성곽길 일대 걷고싶은 거리 조성」사업과 관계없이 도로교통법에 따라 주차가 금지된 구간입니다. 공사로 인해 부득이하게 단속된 차량에 대해서는 심심한 위로의 말씀을 드립니다.
5. 의견 진술을 원하실 경우, 아래와 같은 절차를 안내드립니다.
- ① 의견진술제출(팩스, 방문) ⇒ ②구청심의
⇒ ③민원인에게 과태료 부과결정 여부(수용·미수용) 통지
※ 처리기간 : 의견진술 접수후 1개월 이내 처리 통보
의견진술안내 : 02-2148-3361~3 (FAX 02-2148-5869)
- 미수용시 구제절차 : 이의신청(비송사건절차법에 의한 과태료 재판)
6. 기타 자세한 사항은 주차관리과 김선희(☎ 02-2148-3373)에 연락 주시기 바랍니다.끝."
15,통의동 23번지 전지요청 민원,신○○,2025-10-13 13:35:36,"1)문제점

종로구 통의동 23번지 ‘까사 이태리아’ (상호명) 식당부지에 식재 된 교목들이 수년간 전혀 관리되지 않고 방치되어, 골목길 절반 이상을 심각하게 뒤덮고 있습니다. 차량이 통행할 때, 방치된 수목의 잎과 가지가 차량 측면에 접촉하면서 주차감지 경고음이 지속적으로 발생하고 있습니다. 이로 인해 운전자들은 본능적으로 나뭇가지를 피하기 위해 도로 우측(통의동 98번지 건물 측)으로 최대한 밀착하여 주행하게 되며, 그 결과 해당 건물 외벽과 간판에 반복적인 접촉 피해가 발생하고 있습니다.
그로 인해 차량은 도로 좌측 수목을 피하기 위해 우측 건물 쪽으로 바짝 밀착해 진입해야 하며 (사진상 방향), 보행자의 경우도 마찬가지입니다. 이로 인한 구체적인 피해 사례가 다음과 같습니다.
①저희 소유 건물인 통의동 98번지 외벽 코너부는 반복적인 차량 접촉으로 인해, 벽체 훼손 및 간판 파손 등, 물리적 손상이 누적되고 있습니다.
②설치된 안전 볼라드(주황색)마저 차량에 밟혀서 휘어져 있는 상태로, 차량이 밀착해 주행한 결과입니다.
③높은 차량(예: 트럭 등)이 건물 측으로 바짝 붙어 회전하다가 간판 상단부에 충돌하여 외장 파손이 발생했습니다. 향후, 간판의 낙하로 보행자의 안전을 위협할 수 있습니다.
이 역시 수목 방치로 인한 차량 통행 제한의 결과로, 재산상 손해가 분명하게 발생한 사례입니다.
(※ 첨부사진 3건: 전지방치사진 외벽 손상 간판 파손)
④이로 인해 해당 건물(통의동 98번지)의 임차인(곰솔 음식점)은 차량 운전자에게 벽체를 인지시키기 위해 형광 녹색 페인트를 자비로 칠해 자구책을 취하고 있는 상황입니다.
이는 구조물 훼손이 단발적 현상이 아닌, 반복적이고 지속적인 피해임을 보여주는 단적인 사례입니다.
⑤차량 통행이 원활하지 않아 상시적인 교통 혼잡이 발생하고 있으며, 이에 따라 저희 직원들이 주차관리 부재로 인한 교통 문제까지 주차장 경비원을 대신하여 해결하며, 보행자 안전과 차량 흐름 확보를 위해 지속적으로 조치하고 있는 실정입니다.

2)요약
①차량 통행의 안전성 저해 및 건물 외벽(코너부) 반복 손상
②건물 간판 파손 및 낙하 위험 발생
③보행자 동선 제한 및 통행권 침해 및 안전 위험
④골목 전체의 공공성과 공유 공간 기능 상실
⑤방치된 교목으로 인한 지속적 분쟁 및 민원 유발

3)결론
①해당 수목의 관리 책임은 통의동23번지 소유주에게 있으며, 이는 민법상 소유자의 유지·관리 의무에 해당합니다.
현재 방치된 나뭇가지들이 보행자 통로와 차량 통로를 침범하고 있고, 실제 건축물 피해와 구조물 손상이 확인된 만큼, 더 이상 방치되어서는 안 됩니다.
②이에 따라, 종로구청의 현장 실사 및 ‘전지’ 명령, 이행 강제조치 등 강력하고 즉각적인 행정 조치를 요청드립니다.
첨부된 사진 자료를 통해 피해 사실을 확인해 주시고, 추가 사고 방지를 위해 빠른 조치 부탁드립니다.",도시관리국 주택관리과,2025-10-31 08:16:25,"1. 구정에 협조하여 주심에 감사드립니다.

2. 귀하의 민원내용은 통의동 23번지 상 수목으로 인해 차량통행 불편하여 전지요청 및 피해보상 요청하신 사항으로 판단됩니다.

3. 먼저 해당 수목은 통의동 23번지 대지(사유지) 내의 것으로 해당 토지주가 관리해야함을 알려드리며, 이로 인한 피해보상은 민사적인 사항이나, 귀하의 민원사항을 고려하여 해당 토지주에게 귀하의 민원사항을 안내하고, 수목을 전지하는 등 관리를 철저히 하여 차량통행에 불편을 야기하지 않도록 적극 협조요청 하였음을 알려드립니다.

4. 귀하의 질문에 만족스러운 답변이 되었기를 바라며, 추가적인 문의사항이 있으실 경우 우리구 주택관리과(담당 신현주, ☎02-2148-2617)로 연락주시면 친절하게 설명하여 드리도록 하겠습니다. 감사합니다. 끝."
16,통의동 79번지 전지요청 민원,신○○,2025-10-13 13:34:33,"1)문제점

종로구 통의동 79번지 끄레아 유료주차장 부지에 식재된 교목들이 수년간 전혀 관리되지 않고 방치되어, 골목길 절반 이상을 심각하게 뒤덮고 있습니다. 그로 인해 차량은 도로 우측 수목을 피하기 위해 좌측 건물 쪽으로 바짝 밀착해 진입해야 하며 (사진상 방향), 보행자의 경우도 마찬가지입니다. 이로 인한 구체적인 피해 사례가 다음과 같습니다.
①저희 소유 건물인 통의동 98번지 외벽 코너부는 반복적인 차량 접촉으로 인해, 벽체 훼손 및 간판 파손 등, 물리적 손상이 누적되고 있습니다.
②설치된 안전 볼라드(주황색)마저 차량에 밟혀서 휘어져 있는 상태로, 차량이 밀착해 주행한 결과입니다.
③높은 차량(예: 트럭 등)이 건물 측으로 바짝 붙어 회전하다가 간판 상단부에 충돌하여 외장 파손이 발생했습니다. 향후, 간판의 낙하로 보행자의 안전을 위협할 수 있습니다.
이 역시 수목 방치로 인한 차량 통행 제한의 결과로, 재산상 손해가 분명하게 발생한 사례입니다.
(※ 첨부사진 2건: 외벽 손상 간판 파손)
④이로 인해 해당 건물(통의동 89번지)의 임차인(곰솔 음식점)은 차량 운전자에게 벽체를 인지시키기 위해 형광 녹색 페인트를 자비로 칠해 자구책을 취하고 있는 상황입니다.
이는 구조물 훼손이 단발적 현상이 아닌, 반복적이고 지속적인 피해임을 보여주는 단적인 사례입니다.
⑤또한 장마철 및 폭설 시, 교목 위에 쌓인 눈이나 비가 보행자나 차량 위로 낙하할 위험이 상존하고 있는 관계로, 나뭇가지 위로 적설된 눈은 저희 관리실 직원들이 직접 제거하고 있습니다. 아울러, 차량 통행이 원활하지 않아 상시적인 교통 혼잡이 발생하고 있으며, 이에 따라 저희 직원들이 주차관리 부재로 인한 교통 문제까지 주차장 경비원을 대신하여 해결하며, 보행자 안전과 차량 흐름 확보를 위해 지속적으로 조치하고 있는 실정입니다.

2)요약
①차량 통행의 안전성 저해 및 건물 외벽(코너부) 반복 손상
②건물 간판 파손 및 낙하 위험 발생
③보행자 동선 제한 및 통행권 침해 및 안전 위험
④골목 전체의 공공성과 공유 공간 기능 상실
⑤방치된 교목으로 인한 지속적 분쟁 및 민원 유발

3)결론

①해당 수목의 관리 책임은 끄레아 주차장 소유자에게 있으며, 이는 민법상 소유자의 유지·관리 의무에 해당합니다.
현재 방치된 나뭇가지들이 보행자 통로와 차량 통로를 침범하고 있고, 실제 건축물 피해와 구조물 손상이 확인된 만큼, 더 이상 방치되어서는 안 됩니다.
②이에 따라, 종로구청의 현장 실사 및 전지 명령, 이행 강제조치 등 강력하고 즉각적인 행정 조치를 요청드립니다.
첨부된 사진 자료를 통해 피해 사실을 확인해 주시고, 추가 사고 방지를 위해 빠른 조치 부탁드립니다.",도시관리국 주택관리과,2025-10-31 08:16:28,"1. 구정에 협조하여 주심에 감사드립니다.

2. 귀하의 민원내용은 통의동 79번지 상 사유지의 수목으로 인한 차량통행 불편 및 피해보상 요청하신 사항으로 판단됩니다.

3. 먼저 확인결과 해당 수목은 통의동 74번지 대지(사유지)의 것으로 해당 토지주가 관리하여야 함을 알려드리며, 이로인한 피해보상은 민사적인 사항이나, 귀하의 민원사항을 고려하여 해당 토지주에게 귀하의 민원사항을 안내하고, 수목을 전지하는 등 관리를 철저히 하여 차량통행에 불편을 야기하지 않도록 적극 협조요청 하였음을 알려드립니다.

4. 귀하의 질문에 만족스러운 답변이 되었기를 바라며, 추가적인 문의사항이 있으실 경우 우리구 주택관리과(담당 신현주, ☎02-2148-2617)로 연락주시면 친절하게 설명하여 드리도록 하겠습니다. 감사합니다. 끝."
17,종로구_ 주차안심번호 제공서비스,장○○,2025-10-12 21:15:14,"안녕하세요.
구로구에서는 주차안심번호 제공을 신청받아 진행하던데
종로구는 하지않을까요? 종로구는 특히, 창신동, 서촌일대 등에 주차시설이 비비한곳에 다양한 방식으로 주차하는 경우가 있는데
주차안심번호서비스제도 도입해주시면 좋을것 같아요.",행정국 스마트행정과,2025-10-21 10:37:29,"1. 관련근거
가. 민 원 명 : 새올상담민원(접수번호 : 202510122115142221)
나. 민 원 인 : 남인우
다. 민원내용 : 주차안심번호 서비스 도입 요청 (※민원 세부내용 : 붙임 참조)

2. 위 민원에 대하여 다음과 같이 답변하고자 합니다.

----------------------------------------------------------------------------------
안녕하십니까?

우리 구 구정에 적극 관심가져주신데 대하여 깊이 감사드리며, 귀하께서 건의하신 주차안심번호 서비스 실시 요청에 대하여 다음과 같이 답변드리겠습니다.

주차안심번호 서비스의 공공사업 사례를 조사해본 바, 서울시 25개 자치구 중 귀하께서 사례를 인용해주신 구로구 외에 중구, 동작구가 민간 업체와 유상 계약하여 예산사업을 진행중이나, 중구는 25년 10월까지, 동작구는 25년 12월까지 사업을 진행하고, 이후 사업을 중단할 예정임을 확인하였습니다. 따라서 26년에는 구로구만 주차안심번호 서비스 사업을 진행하게 될 것으로 보입니다.

현재 해당 서비스는 개인적으로 통신사, 부가서비스 업체 등을 통해 서비스 신청후, 일정 요금을 부담하고 이용하실 수 있는데, 2025년 타 구청에서 예산사업을 추진한 경우, 1인당 소요금액이 개인가입자 요금 수준을 훨씬 상회한것으로 판단됩니다. 그러한 경우 예산집행의 적정성과 형평성 등에 문제의 소지가 있고, 2026년에는 전반적으로 재정 여건도 어려운 입장으로 현 시점에서는 신규 사업추진이 곤란함을 말씀드리니, 이를 너그러이 양해해주시기 바랍니다.

그리고, 향후 민간서비스 시장 변화, 재정 여건의 개선 등으로 서비스 도입이 우리 구민 모두의 입장에서 유리하고, 합리적이라는 판단이 들 경우 최적의 선택이 될 수 있는 정책을 결정할 수 있도록 추후 주차 안심번호 민간서비스 시장의 변화를 계속 모니터링할 예정임을 알려드립니다.

주차안심번호 서비스는 개인정보보호를 위한 좋은 서비스로서, 이와 관련한 구정 건의에 대하여 다시 한번 감사의 말씀을 드리며, 보다 자세한 문의사항은 아래 연락처로 문의해주시면 친절히 답변드리도록 하겠습니다.

연락처 : 종로구청 스마트행정과 장성조 (☎ 02-2148-1774)

앞으로도 구정에 많은 관심과 응원을 부탁드리며, 문턱없는 열린 구정으로 구민과 함께 만드는 종로구가 되도록 노력하겠습니다."
18,경복궁 주차장 진입도로 개선 요구,이○○,2025-10-03 15:46:40,"매년 연휴 및 공휴일 버스들이 경복궁 주차장 들어간다는 명목으로 길을 주차장처럼 사용하고 있습니다. 한두번이 아니라 명절마다 그러는데 종로구에서는 이 사태를 왜 방치하는지 모르겠습니다.10분이면 갈 거리를 30,40분 기다려서 가고 있습니다. 버스가 길에서 주정차 하는 행위를 막아주시기 바랍니다.",도시재생국 주차관리과,2025-10-17 13:19:28,"1. 우리 구 구정발전을 위해 협조하여 주시는 귀하께 감사드립니다.

2. 귀하의 민원내용은 명절과 연휴마다 경복궁 인근 도로에 관광버스들이 경복궁 주차장 진입을 명목으로 장시간 도로에 불법 주정차하여 극심한 교통정체를 유발하므로, 해당 행위를 방치하지 말고 단속을 강화해 달라는 요청으로 이해되며 민원내용을 검토하고 아래와 같이 답변드리겠습니다.

3. 현재 경복궁 주변에는 불법주정차 예방 및 단속을 위해 무인단속 CCTV 3대(경복궁주차장, 브라질대사관, 국립현대미술관 주변)가 설치되어 24시간 상시 운영 중입니다 적발된 차량에 대해서는 관계 법령에 따라 과태료를 부과하고 있으며 이번 민원과 관련된 채증사진을 첨부하였으니 참고하시기 바랍니다.

4. 다만, 무인단속 CCTV의 단속 기준은 도로교통법 제2조 24호(주차), 25호(정차) 에 규정 되어 있어, 일부 관광버스가 5분 이내 조금씩 이동을 반복하는 경우에는 단속 조치가 어려운 점이 있음을 양해하여 주시기 바랍니다.

5. 대형 관광버스는 일반 차량보다 약 3배 이상의 주차면적이 필요하여 현재 도심 내에서는 공간 및 예산 제약으로 구청 차원의 추가 확보가 사실상 어려운 상황입니다. 이에 따라 우리 시는 송현문화공원 부지(종로구 송현동 48-9)에 약 50면 규모의 관광버스 전용 주차장을 2028년까지 조성할 계획이며 향후 대규모 개발사업과 연계하여 관광버스 주차공간을 지속적으로 확충해 나갈 예정입니다.

6. 우리 구에서는 불법주정차 예방을 위해 관광버스 운전자를 대상으로 도심 내 지정 관광버스 주차장 37개소(사대문 안 19개소, 사대문 밖 17개소)의 위치를 안내하는 리플릿을 제작·배포하고 있습니다. 리플릿에는 서울시 ‘서울주차정보’ 앱의 QR코드가 포함되어 있어, 운전자가 실시간으로 주차 가능 구역을 확인하고 인근 지정 주차장으로 이동할 수 있도록 안내하고 있습니다.
7. 한편, 관광버스 주차문제의 근본적인 해결을 위해서는 문화재청 궁능유적본부 등 관계기관이 경복궁 방문객 수요에 맞는 전용 주차장을 직접 확보 조성하는 것이 필요하며 관광버스의 도심지 내 진입을 제한하거나 하는 등의 정책적 접근이 병행되어야 합니다.

8. 우리 구는 현장 단속과 계도 활동을 강화하여 관광버스 불법주정차로 인한 교통 혼잡을 최소화해 나가겠습니다.귀하의 상심에 깊은 위로의 말씀을 드리며 추가 문의사항이 있으실 경우 주차관리과 이경복(☎ 02-2148-3376)에게 연락주시면 설명하여 드리도록 하겠습니다. 감사합니다.

붙임 1. CCTV 채증 사진 1부. 끝.

※ 첨부파일 :
경복궁 일대 주차단속 현황 사진.jpg"
19,작은 공원 앞 주차,이○○,2025-09-29 01:24:27,"작은 공원 앞에 밤 6~8시 사이에 다마스(용달)차량이 주차를 합니다.
한번도 아니고 여러번 반복하면서 주민 및 관광객분들이 불편을 하십니다.
또한 도로에 다른차량 진입이 어려운 상황입니다.
빠른 조치를 원합니다.",도시재생국 주차관리과,2025-10-02 11:22:56,"1. 우리 구정 발전을 위해 협조해 주시는 선생님께 감사드립니다.
2. 먼저, 스마트폰 앱 신고는 서울시 교통법규 위반 시민 신고제(주민 신고제)로 접수되고 있으며, 6개 항목(보도, 횡단보도, 교차로 모퉁이, 버스 정류소, 소화전, 어린이 보호구역) 중 부과 요건에 부합할 경우 과태료를 부과하고 있으며, 실시간 단속요청 및 민원처리 시스템이 아님을 알려드립니다.
3. 선생님께서 [안전신문고]를 통해 민원 제기하신 낙산성곽서길99 주변 주정차 민원은 주차 단속 공무원이 현장 출동 시 해당 주정차 차량(다마스)은 없었으며, 주변에 주민불편 주정차 차량에 대해 계고단속하였음을 안내 드립니다.
4. [안전 신문고]는 현장 출동 신고 민원 시스템이 아님을 알려드리며, 현장 출동 요청은 다산콜센터(02-120) 및 단속반(02-2148-3374~5)으로 연락해 주시면 최대한 신속히 조치(단속 및 이동)하도록 하겠습니다.
5. 원활한 차량 소통을 위한 선생님의 관심에 깊이 감사드리며, 건강과 행복이 항상 함께하시길 기원합니다. 끝.

※ 첨부파일 :
낙산성곽서길99.jpg"
20,공동주택(아파트) 장애인 주차구역 설치 부적합에 대한 장애인 본인의 청원입니다.,주○○,2025-09-14 20:30:59,"공동주택(아파트) 장애인 주차구역 설치 부적합에 대한 장애인 본인의 청원입니다.

불철주야 종로구 구민을 위한 구청 업무에 각고 노력하시는 임직원분들께 심심한 감사를 드립니다.

먼저, 청원에 앞서 상황 설명 전 이건 관련 법적 내용을 간락하게 적어보겠습니다.

『제1조(목적) 이 법은 장애인ㆍ노인ㆍ임산부 등이 일상생활에서 안전하고 편리하게 시설과 설비를 이용하고 정보에 접근할 수 있도록 보장함으로써 이들의 사회활동 참여와 복지 증진에 이바지함을 목적으로 한다.

장애인 전용주차구역의 설치 위치 및 규격에 대한 구체적인 법적 근거는 「장애인·노인·임산부 등의 편의증진 보장에 관한 법률(약칭: 장애인등편의법)」과 그 하위 법령인 시행령 및 시행규칙에 명시되어 있다.

장애인전용주차구역은 장애인 등의 출입이 가능한 건축물의 출입구 또는 장애인용 승강설비와 가장 가까운 장소에 설치하여야 하며, 장애인전용주차구역에서 건축물의 출입구 또는 장애인용 승강설비에 이르는 통로는 장애인이 통행할 수 있도록 가급적 높이 차이를 없애고, 그 유효폭은 1.2미터이상, 주차공간은 주차대수 1대에 대하여 폭 3.3미터이상, 길이 5미터이상으로 하여야 한다.』

1. 본인 소개

본인은 서울시 종로구 한 공용주택(아파트)에 현재 18년째 거주하고 있는 소유주이자 장애인입니다.

우측하지 3급 장애인이라서 오래전부터 자가 운전하여 매일 출퇴근하며 직장생활을 하고 있습니다.

입주 초창기때에는 차량이 그리 많지 않았기 때문에 불편함을 느끼지 못했었는데, 어느 시점부터 차량이 점차적으로 많아짐에 따라, 엘리베이터 출입구와 가까운쪽은 물론이거나와 주차 자체가 점차 어려워져만 갔습니다.

21년 12월, 급기야 구청에 질의 및 도움으로 아파트 지하층 엘리베이터 바로 옆 라인인 본인이 원하는 곳인, 기둥이 포함되어 일반 차량들은 주차가 좀 힘든 곳에 소형차인 제 장애자차량을 위하여 장애인 주차구역 표식과 함께 주차 공간을 마련해 주었습니다.
그리고 이후, 아무런 문제없이 지금까지 잘 사용해 오고 있었습니다.

2. 사건의 개요 (2025년)

8월 11일 : 아파트 지하주차장 공간 전체 페인트도색 개시 전까지는 아무런 불편없이 주차를 했습니다.

8월 20일: 그러던 중, 우연히 페인트 도색과 동시에 장애인 차량 주차 구역 표시까지 초기할 것이라는 소식을 접하고, 관리소장에게 기존대로 주차하던 공간을 그대로 유지해달라하는 부탁을 하였으나, 본인 소관이 아니라고 난색하길래, 그러면 관련 담당 공무원을 알려달라고 부탁하였습니다.

그래서 구청 추민주 주무관의 전화번호를 받았고, 당일 2차례 전화통화를 시도했으나 자리에 없어서 대신 주차행정과 직원으로부터 을지훈련 관련 담당 부재에 대한 이유를 전달받고, 본인의 전화 사유를 전달하고 답변 요청 뜻을 언급하며 통화는 종료하였습니다.

8월 21일 : 추민주사무관으로부터 전화가 왔고, 통화 도중 이전 과거때와는 좀 달리, 법대로만 처리 가능하나 일단, 본인 요청을 알 수 있도록 사진 전송을 이메일로 해달라는 요청을 받은 후, 사진 촬영을 위하여 지하주차장에 진입을 시도했으나, 엘리베이터까지 막아놓은 바람에 당일 촬영이 불가했습니다.

8월 29일 : 주말을 지내고 나서, 월말 업무로 다소 지체되었다가, 관리소장에게 다시 전화를 하니, 그 며칠 사이 안건 제기자인 본인을 제외하고, 관리소장과 구청직원 양측이 이미 얘기를 끝내고 주차 구역 페인트작업을 원안대로 일방적으로 그냥 진행했다고 합니다.

분명, 관리소장과 구청직원에게는 본인의 67세인점과 과거에 비해 주차하기 더 힘들어진 신체 조건 등을 열심히 피력하며 선처를 요청한 상태였지만, 본인 간청은 어디로 가고 중간에 양측으로부터 한마디 상의도 없이 속전속결로 본 안건을 본인 없이 무사 통과시켜버린 것입니다.

아파트 관리소장은 장애자 당사자의 입장은 더 들어보려고도 하지 않았을 뿐더러, 관리소장직을 의심할만한 상당히 거만하고 불손한 전화 응대로, 마치 본인을 나무라듯이, 또 장애인 업무관련 상급 지시기관장이라도 된듯한 어조와 언사를 구사하며 아주 기분나뿐 태도를 보였습니다. 아마도, 관리소장직이란 원래 한쪽 말에만 귀울이면 된다고 본인에게 가르쳐 주듯이 말입니다.

당일, 장애인협회와의 상담에 이어,

9월 1일 : 서울시청 장애인자립지원과 이민호씨와의 상담 이후 구청 사회복지과 채재모씨의 전화번호를 전달 받아서, 전화를 걸어 내용을 설명한 후 상담을 시도했지만, 알아보고 바로 연락주겠다는 답변만 했을 뿐, 이후 일주일 내내 묵묵부답이었습니다.

9월 6일 : 타인에게 부탁하여 장애인 주차 구역 사진 1차 촬영했으나, 증빙으로는 다소 부적합하여 참조용으로 보관함.

9월 8일 : 하는 수 없이 일주일 뒤 재차 최재모씨에게 다시 전화를 했던 바, 그때까지도 전혀 아무것도 알아보지 못했다는 믿을 수 없는 답변만 받았고, 다음 날부터는 담당이 휴직이라는,,, 말도 안되는 말을 들으며 치밀어 오르는 화를 꾹 참고, 그러면 얼마나 더 기다려야 하냐고 물으니, 금주까지는 꼭 답을 주겠다고 하며 전화를 끊었습니다.

9월 9일 : 다시 아파트 관리소장에게 전화하여, 양측 모두 법대로 그리겠다고 큰소리치던 추자장 규격을 실측해 보니, 두 곳 모두 규격 미달이 확인되는데, 도대체 누가 최종 결제자냐고 물어도, 답변을 기피하며 자기가 그것까지는 확인하지 않았다고 하여, 결제도 나지 않았는데 누가 페인팅 작업을 하느냐 되물으니, 사과는 고사하고 귀찮다는 듯이 같은 대답만 퉁명스레 말하길래, 자꾸 그러면 담당 기관에 보고한다고 하니까 할테면 해보라고 당당하게 대답하며, 오히려 장애자 주차 구역을 법적인 것보다 1대 더 그려줬다고 큰소리 치며 전화를 끊어버렸습니다. 도대체 이런 막장의 불성설한 업무 태도 배경은 어디서 나오는 것일까요? 관리소장 뒤가 그렇게 빵방한 것인가요?
1대 더 그려줬다는 어불성설의 근거는 맨 아래 *참조란에 자세하게 계산해 놓았습니다. 결론적으로, 해당 동에 장애인 주차대수는 1대가 아닌 최소 3대입니다.

914일 : 이 글을 작성하고 있는 현재 일요일까지 관리소장이건, 구청추민주주무관이건, 구청채재무직원이건, 누구에게서든 아무런 답변을 받지 못한 상태입니다.

3. 결론

전술한 바와 같이, 본 건은 장애인에 대한 사회 통념에 찬물을 끼얹는 전근대적인 사고방식에 기인한, 엄연한 답변기피이자 직무유기라고 생각되어지므로,

인왕산 아이파크 아파트 관리소장의 직무 태만 및 직무 유기를 바로 잡아야 할 두 구청 직원의 복지부동 자세와 장애인 관련 업무 태도에 대한 적절한 조치를 취해줄 것을 요청하는 바이며,

하루 빨리, 정확한 업무 처리가 가능한 장애인 복지과 등의 전문 직원을 파견하여 실제 상황을 정확하게 파악하게 하여, 하루하루 주차 때문에 생고생을 해야하는 본 청원인을 위해서라도 임시 주차구역을 신설해 주시던가, 아님 즉결하여 주차구역 확보를 해 주실것을 앙구하는 바입니다.

본인은, 오래 전부터 업무와 주택 공간을 동시에 종로에 둔 전문직 개인사업자입니다. 본인 정도의 주민에게 행하는 공무원과 해당 업무 종사자의 업무 태도가 이 정도일진데, 자택소유자가 아닌 세입자 등이었거나 더 중증 장애인이거나 기초수급등의 저소득층이었다면 그들이 어찌 처리를 했을까 생각해 보면 불보듯 뻔합니다. 한 국가의 수준은 그 나라의 장애인 정책을 보면 알 수 있다고 했습니다. OECD 10위 안에 든다는 대한민국이 장애인 정책이나 보호 등이 본인이 겪은 이 정도 수준이라면 결코 선진국이라 할 수 없습니다.

아울러, 민생과 더불어 살아간다는 취지의 공존공생 존중 차원에서, 법과 인간의 공존도 함께 생각할 줄 아는 성숙한 공무원 및 공무집행이 되었으면 하는 바랍입니다.

4. 증빙

1. 지하주차장 환경개선공사 공지문.

2. 인왕산 아이파크 아파트 지하주차장, 장애자 주차구역 2곳 실측 사진 및 부적합 증빙 사진.
(곡면 주차구역은 엘리베이터 주출입구와의 거리상 103동에 더 가깝고, 벽면 주차구역은 101동에 훨씬 가까우니, 실제적으로는 102동에 대한 지하주차 구역은 전무한 상황이어서, 본인이 느끼기에는 마치, 이런 요청을 하는 본인을 하찮고 귀찮은 존재로 간주하여, 오히려 주차 주역을 없애서, 어려운 곳에 간신히 주차하며 어렵게 생활하라는 갑질아닌 을질로 보임.)

2-1. 곡면 주차구역 사진 (좌중우측 촬영 합본) : 반드시 전면주차해야 하며, 주차 중 운전석 전면 벽이 곡면인 것을 항상 주의해야 함.
2-2. 곡면 주차구역 가로폭 실측 간신히 3.3미터(사진에 보면 줄자 왼쪽 끝 부분이 좀 물러나 있음 확인)
2-3. 곡면 긴 쪽 파란색 주차라인을 최대한 측정시 4.8미터이니, 반대편 곡면 끝 세로는 실측 불필요
2-4. 벽면주차 구역 가로는 정확히 3,3m입니다.
2-5. 벽면주차 구역 세로는 5m이하라 부적합입니다.
(게다가, 장애자 주차구역이 저모양이라서 일반 차량이 주차를 제대로 하지 않을 경우에는 주차에 문제 발생 소지도 있을 듯합니다.)

(한 곳은 직사각형 구역이지만 4면 중 2면이 외벽이고, 다른 한 곳은 4면 중 1면이 곡면인 구역입니다. 이 사진들을 보는 순간, 마지 못해 천대하는 마음으로 던져주듯이 그려준 진심이 느껴져, 머리 끝까지 화가 치밉니다.)


* 참조 : 실제 해당 관련 업무자들로부터 간접적으로 들은 얘기를 정리한 것입니다.

- 민원·보고 시 실사에서 ‘법적 면적은 충족하나, 실질적 활동 공간이 부족’하면 설치 부적합(편의시설인증, BF인증 거부 등)이 나올 수 있습니다.

- 가로(폭) 3.3m 미만 또는 세로(길이) 5m 미만으로 설치될 경우 법·행정상 규정 위반(불인정)입니다.

- 오차 범위(공차)는 공사상 “초과”할 수는 있으나,
부족분에 관해선 허용오차가 없습니다.

- 장애인전용주차구역의 규격(가로 3.3m × 세로 5m 이상)은 “직선” 기준을 원칙으로 하며, 4면 중 1면이 곡선(만곡) 형태로 안쪽으로 들어간 경우, 그 곡선 부분의 공간이 법정 규격(직사각형 평면 내 공간)보다 좁아지면 부적격 규격으로 간주됩니다.

- 현재 인왕산 아이파크 1차 아파트 가구수당 공식 차량 주차대수는 1.36대로 나타나며, 한 동 16층 4라인을 기준하면 64가구이니 총 허용대수는 64가구 X 1.36대로 계산하면 87대이며, 서울지역 법적 장애인 주차구역 최소치인 3를 적용하면, 2.61대가 나오니 기본적으로 3대분인 그려져야 하는데, 해당 동 지상층에 현재 1대분밖에는 그려져 있지않습니다.

- 현재 새로 그려진 지하 2층 장애자 주차구역은 본인 거주 엘리베이터 주출입구와는 가까운 쪽이 약 20~30미터 정도, 먼쪽은 그 두배 이상의 거리를 두고 있어서, 본인이 사용하기에는 너무나 힘든 거리입니다.",도시관리국 주택관리과,2025-10-17 11:13:06,"구정 발전에 관심을 가지고 협조해 주셔서 감사드립니다. 귀하의 민원 내용은 무악동 60번지 상 인왕산1차아이파크의 장애인 주차구역이 법적 기준치에 맞지 않게 설치되어 이에 대한 시정 요구로 판단되며, 각 부서별로 검토한 결과는 다음과 같습니다.

□주택관리과
-인왕산1차아이파크에서 진행하고 있는 지하주차장 환경개선공사와 관련하여 단지 내의 주차장 설치 대수 중 일반 주차장과 장애인 주차장의 설치 대수를 변경하는 행위는 「공동주택관리법」 제35조에 의거 입주자대표회의의 동의를 통한 행위신고 대상이며, 입주자대표회의 측에서 행위신고 접수하였고 현재 장애인주차구역 설치 대수 추가(총 35대로 1대 증가)에 대한 사항을 보완 진행 중임을 알려드립니다.

-또한, 귀하께서 말씀해주신 규격에 맞지 않은 지하주차장(102동과 103동 사이)의 장애인주차구역은 행위신고로 인해 변경된 사항이 아니며 민원인의 편의를 제공하기 위해 관리사무소 측에서 임의로 만든 주차구역임을 확인함에 따라 주차장법 등 관계법령 적용 대상이 아님을 알려드립니다.

-그 외 문의사항이 있으실 경우 종로구청 주택관리과(담당 주수민, ☎02-2148-2615)로 연락주시면 성실히 안내드리겠습니다. 감사합니다. 끝.

□사회복지과
-행위신고서에 기재된 주차계획대수(1,108대)와 장애인주차구역 대수(34대)가 『서울특별시 주차장 설치 및 관리 조례』제25조(장애인전용주차구획의 설치 기준 등)제1항에 따른 부설주차장의 설치 기준(3 이상)을 충족하였으며, 민원인이 제기한 지하주차장의 현장을 확인한 바, 102동 주출입구 인근에는 장애인주차구역이 없었으나 101동에 장애인주차구역이 규격에 맞게 설치되어 있었음을 확인하였습니다. 또한 지하주차장의 총 장애인주차구역이 31대가 있었으며, 지상 주차장에 설치된 장애인주차구역은 4대임을 확인하였습니다.

-그리고 지상 102동 주출입구 맞은편에 규격에 맞는 장애인주차구역이 2대가 있었으며 102동 주출입구는 경사로도 설치되어 있음을 확인하였습니다. 총 장애인주차구역 설치대수는 행위신고서 상에 기재된 34대 보다 1대 더 많은 35대임음을 추가로 확인하였습니다. 아쉽게도 『장애인등편의법』과 보건복지부 지침에는 특정한 지점에 장애인주차구역이 설치되어야한다는 기준이 없어서 102동 지하주차장의 주출입구 근처에 장애인주차구역이 없는 것은 안타깝지만, 지상 102동 주출입구 맞은편 가까이에 장애인주차구역이 있음을 확인한 바, 시정을 요구하기 어려움을 알려드립니다.

-추가적인 문의사항이 있으실 경우 사회복지과 이영빈(☎ 02-2148-2582)에게 연락주시면 친절하게 설명드리겠습니다. 감사합니다. 끝."
21,옥인동 공영주차장 준공 지연 및 불합리한 주차단속 관련 대책 요구,김○○,2025-09-10 15:32:58,"저는 옥인동 인근으로 이사하며 8월 말 완공 예정이라는 종로구 옥인동 공영주차장을 믿고 생활 기반을 옮겼습니다. 그러나 현재까지 주차장은 계속해서 준공이 미뤄지고 있으며, 주민들이 사용할 수 있는 공영주차장은 전혀 마련되지 않은 상태입니다.

그런데도 종로구청은 골목 주차 단속만을 강행하고 있습니다. 주차 수요는 뻔히 예상되는 상황에서, 주차 대체 시설은 마련하지 않은 채 단속만 하는 것은 주민들의 주거권과 생활권을 무시하는 처사입니다.

저와 같은 주민들은 불편과 피해를 감수하며 살아가고 있는데, 구청은 아무런 책임 있는 대책도 내놓지 않고 있습니다. 이는 행정의 기본 책무를 방기하는 것이며, 주민을 무시하는 행정으로밖에 보이지 않습니다.

이에 종로구청은 다음과 같은 구체적이고 실효적인 대책을 즉시 마련해 주시기 바랍니다.

1. 옥인동 공영주차장의 준공 시기를 명확히 확정하고, 지연 사유 및 향후 일정에 대해 주민들에게 투명하게 공지할 것.


2. 준공 전까지 주민들이 합리적으로 이용할 수 있는 임시 주차장 또는 대체 공간을 확보할 것.


3. 대체 주차 대책이 마련되기 전까지는 골목 주차 단속을 유예하거나, 최소한 주민들의 불가피한 상황을 고려한 탄력적 단속 방침을 마련할 것.



종로구청은 주민들이 납득할 수 있는 책임 있는 답변과 구체적 조치를 조속히 내놓기 바랍니다. 그렇지 않다면 본 민원은 더 상급 기관에까지 문제 제기할 수밖에 없음을 미리 알려드립니다.",도시재생국 주차관리과,2025-09-18 09:02:32,"1. 구정발전에 많은 관심을 가져주시는 선생님께 감사의 말씀을 드립니다.

2. 선생님께서 우리구에 접수하신 상담민원(옥인동 공영주차장 준공 지연 및 불합리한 주차단속 관련)에 대하여 다음과 같이 답변드리겠습니다.

3. 현재 건설 중인 옥인동 공영주차장 및 복합시설 건설공사는 2025.10.31.을 준공기한으로 설정하여 공사를 추진 중에 있으며, 추후 공사기간 연장 시 안내현수막 등을 게시하는 등 주민분들께 안내드릴 수 있도록 하겠습니다.

4. 또한 준공 시까지 주민분들이 이용할 수 있는 임시 주차공간 및 대체 부지확보가 어려운 실정임을 너그러운 마음으로 양해하여 주시기 바라며, 주민분들의 주차난 해소를 위해 조속히 공사가 준공될 수 있도록 노력하겠습니다.

5. 아울러 주차 단속의 기본 목적은 차량 흐름에 장애가 발생예방에 있어 도로 통행에 명백한 지장이 발생하는 경우, 단속 공무원의 현장 판단에 따라 중점 단속을 실시하고 있습니다.

6. 특히 옥류림가 주변 도로(옥인동 179-1)는 지목상 공원이지만, 현실적으로는 다수의 차량과 보행자가 통행하는 현황상 도로이며 이는「도로교통법」 제2조제1호 라목에 해당하는 ‘불특정 다수가 통행할 수 있는 공개된 장소’로서 안전하고 원활한 교통 확보가 필요한 지역입니다. 또한 해당 민원지역과 같은 장소의 주차 단속은 같은법 제35조(주차위반에 대한 조치)에 근거하여 주차단속 공무원이 현장을 판단하여 진행되고 있습니다.

7. 단속 공무원은 현장의 교통 상황을 우선 확인한 후, 교통량이나 교통 장해가 심각하지 않은 경우에는 과태료 발부보다는 경고 조치를 우선하고 있으며 차량 소유자가 스스로 문제를 해결할 수 있도록 하고 있습니다. 이러한 절차는 주민 불편을 최소화하면서도 교통 소통을 확보하기 위한 조치임을 이해하여 주시기 바랍니다.

8. 더욱 궁금하신 사항은 종로구 주차관리과 김준규(주차장 건설 담당, ☎02-2148-3348) 및 주차관리과 이경복(주차 단속 담당, ☎02-2148-3376)으로 문의주시면 성심껏 답변드리겠습니다. 감사합니다. 끝."
22,김상옥로 주말 노상주차 자리 맡아두기 (기독교연합회관),이○○,2025-08-16 20:34:42,"김상옥로 주말 노상주차 자리 맡아두기 (기독교연합회관)

해당 도로는 공공 도로임에도 불구하고

주말 및 공휴일 주차 가능 시간대에 기독교연합회관 관계자들이 항상 자리를 맡아둡니다.

사유지가 아닌데 이렇게 맡아두는게 괜찮나요?

행사 오시는 분들은 돈내고 건물 지하주차장에 주차하면 되는거라고 생각합니다.

기독교 연합회관이 아닌 다른 이유로 종로구 주차를 이용하려는 사람들의 선택권이 침해되는게 아닌가 싶네요.

구청 차원에서 해결하지 않으면 아무도 해결할 수가 없을 것 같은데

심사숙고 해서 현명한 조치가 이뤄지길 바랍니다.",도시재생국 주차관리과,2025-08-22 08:53:30,"1. 안녕하십니까? 귀하께서 제기하신 민원은 김상옥로 주말·공휴일 주정차 허용구간에서 특정 기관 관계자가 주차 공간을 선점하여 사실상 사유화하고 있다는 불편 사항으로 이해되며, 민원내용을 검토한 결과 아래와 같이 답변드리겠습니다.

2. 해당 구간은 주말 및 공휴일 동안 한시적으로 주정차가 허용되는 구간으로, 구민 모두에게 개방된 공용 도로입니다.

3. 「도로법」 및 「도로교통법」 등 관련 규정상 특정 단체가 허용된 시간대에 반복적으로 주차하는 행위 자체에 대해 직접적인 행정처분 규정은 마련되어 있지 않습니다. 다만, 도로 위에 물건을 설치하여 자리를 선점하는 행위는 불법 적치물에 해당되어 제재 조치가 이루어질 수 있음을 안내드립니다.

4. 이에 따라 귀하께서 지적해 주신 사항은 관계 부서(가로정비과)에 전달하여, 도로 위 적치물에 대해 확인 및 필요한 조치를 취할 예정입니다. 아울러, 해당 교회(기독교연합회관) 측에도 본 민원 내용을 전달하여, 주말 및 공휴일 주정차 허용구간이 교인 전용으로 사유화되지 않도록 행정지도를 실시할 예정입니다.

5. 앞으로도 우리 구는 주민 여러분의 생활 불편을 최소화하고, 공공도로가 공정하게 이용될 수 있도록 관계 부서와 협력하여 지속적으로 노력하겠습니다.

6. 추가 문의사항이 있으실 경우 종로구청 주차관리과 이승훈 주무관(☎ 02-2148-3372) 또는 도로 위 적치물 관련 사항은 가로정비과 이종길 주무관(☎ 02-2148-2717)에게 연락 주시면 성심껏 안내드리겠습니다. 감사합니다. 끝."
23,대학로 방통대 공영주차장 대기 차량들의 악의적인 길막이,이○○,2025-08-15 20:02:16,"안녕하세요?

방통대근처에 사업지를 두고 있는 개인사업자입니다.

주말이나 휴일에 대학로 방송통신대학 공영주차장에 들어가려는 대기 차량들이 도로를 점령하고 있어 통행에 어려움이 잦습니다.
대기를 하더라도 한쪽으로 붙어서서 기다리면 어떻게라도 지나 다닐수 있는 공간이 마련되는데, 첨부파일에서 확인 할 수 있다시피 그냥 지나가려는 차들을 새치기 차량으로 인식하고 도로를 의도적으로 막아서는 일이 잦습니다.
첨부파일에 있는 동영상처럼 이런 말다툼이 많습니다.
어쩔수 없이 중앙선을 조금 침범해서라도 지나갈 수 있으면 문제가 없겠지만 횡단보도 근처에 설치되어 있는 볼라드 때문에 이것도 여의치 않습니다.
매 주말마다 아주 곤욕입니다.
적절한 조치 부탁드립니다.",도시재생국 주차관리과,2025-08-21 13:48:52,"1. 안녕하십니까? 귀하께서 문의하신 민원내용은 주말 및 공휴일 대학로 방송통신대학교 공영주차장 진입 대기 차량으로 인해 도로 통행에 불편사항으로 이해되며, 민원내용을 검토한 결과 아래와 같이 답변드리겠습니다.

2. 방통대 공영주차장 진입 구간은 대기 차량들로 인해 중앙선 침범 사례가 빈번히 발생하는 구간으로, 이에 따라 종로구에서 시선유도봉을 설치한 바 있습니다. 다만, 해당 시설은 교통사고 위험성 방지를 위해 설치된 것으로, 현재 시점에서 철거는 어렵다는 점을 양해 부탁드립니다.

3. 아울러, 주차장 진입 대기차량은 주행 중인 상태로 민원 접수에 따른 불법주정차 단속이 제한이 될 수 있으므로, 원활한 차량 소통을 위해서는 경찰의 교통정리가 병행적으로 필요한 부분입니다. 이에 따라 민원접수 시 관할 경찰서와 협조하여 교통정리 및 불법주정차 단속을 병행할 수 있도록 하겠습니다.

4. 또한, 해당 공영주차장을 관리하는 시설관리공단에서도 안내요원을 배치하여(평일 1명, 주말 또는 공휴일 3명) 차량 대기 질서 유지 및 교통 혼잡 완화를 위해 지속적으로 관리할 예정임을 안내드립니다.

5. 우리 구는 주민 여러분의 생활 불편을 최소화하고, 관계기관과 협의하여 주차질서와 보행 안전이 균형 있게 확보될 수 있도록 지속적으로 노력하도록 하겠습니다.

6. 추가로 문의사항이 있으실 경우 종로구청 주차관리과 이승훈 주무관(☎ 02-2148-3372)에게 연락 주시면 성심껏 안내드리겠습니다. 감사합니다. 끝."
24,통의동 79번지 전지요청,조○○,2025-08-06 15:48:00,"1) 문제점

종로구 통의동 79번지 끄레아 유료주차장 부지에 식재된 교목들이 수년간 전혀 관리되지 않고 방치되어, 골목길 절반 이상을 심각하게 뒤덮고 있습니다. 그로 인해 차량은 도로 우측 수목을 피하기 위해 좌측 건물 쪽으로 바짝 밀착해 진입해야 하며 (사진상 방향), 보행자의 경우도 마찬가지입니다. 이로 인한 구체적인 피해 사례가 다음과 같습니다.
①저희 소유 건물인 통의동 98번지 외벽 코너부는 반복적인 차량 접촉으로 인해, 벽체 훼손 및 간판 파손 등, 물리적 손상이 누적되고 있습니다.
②설치된 안전 볼라드(주황색)마저 차량에 밟혀서 휘어져 있는 상태로, 차량이 밀착해 주행한 결과입니다.
③높은 차량(예: 트럭 등)이 건물 측으로 바짝 붙어 회전하다가 간판 상단부에 충돌하여 외장 파손이 발생했습니다. 향후, 간판의 낙하로 보행자의 안전을 위협할 수 있습니다.
이 역시 수목 방치로 인한 차량 통행 제한의 결과로, 재산상 손해가 분명하게 발생한 사례입니다.
(※ 첨부사진 3건: 전지방치사진 외벽 손상 간판 파손)
④이로 인해 해당 건물(통의동 89번지)의 임차인(곰솔 음식점)은 차량 운전자에게 벽체를 인지시키기 위해 형광 녹색 페인트를 자비로 칠해 자구책을 취하고 있는 상황입니다.
이는 구조물 훼손이 단발적 현상이 아닌, 반복적이고 지속적인 피해임을 보여주는 단적인 사례입니다.
⑤또한 장마철 및 폭설 시, 교목 위에 쌓인 눈이나 비가 보행자나 차량 위로 낙하할 위험이 상존하고 있는 관계로, 나뭇가지 위로 적설된 눈은 저희 관리실 직원들이 직접 제거하고 있습니다. 아울러, 차량 통행이 원활하지 않아 상시적인 교통 혼잡이 발생하고 있으며, 이에 따라 저희 직원들이 주차관리 부재로 인한 교통 문제까지 주차장 경비원을 대신하여 해결하며, 보행자 안전과 차량 흐름 확보를 위해 지속적으로 조치하고 있는 실정입니다.

2)요약
①차량 통행의 안전성 저해 및 건물 외벽(코너부) 반복 손상
②건물 간판 파손 및 낙하 위험 발생
③보행자 동선 제한 및 통행권 침해 및 안전 위험
④골목 전체의 공공성과 공유 공간 기능 상실
⑤방치된 교목으로 인한 지속적 분쟁 및 민원 유발

3)결론

①해당 수목의 관리 책임은 끄레아 주차장 소유자에게 있으며, 이는 민법상 소유자의 유지·관리 의무에 해당합니다.
현재 방치된 나뭇가지들이 보행자 통로와 차량 통로를 침범하고 있고, 실제 건축물 피해와 구조물 손상이 확인된 만큼, 더 이상 방치되어서는 안 됩니다.
②이에 따라, 종로구청의 현장 실사 및 전지 명령, 이행 강제조치 등 강력하고 즉각적인 행정 조치를 요청드립니다.
첨부된 사진 자료를 통해 피해 사실을 확인해 주시고, 추가 사고 방지를 위해 빠른 조치 부탁드립니다.",도시관리국 도시녹지과,2025-08-12 13:36:17,"안녕하십니까? 우리 구정 발전에 관심과 애정을 가져주시는 귀하께 감사의 말씀을 드리며, 말씀 주신 내용에 대해 다음과 같이 답변드립니다.

25. 8. 8.(금) 16시경 현장 확인 결과, 유료주차장 내에서 자라는 수목이 좁은 도로쪽으로 자라 통행에 불편이 있음을 확인하였습니다.

다만, 제보 주신 바와 같이 사유지 내 수목은 소유주가 관리하여야 하는 사항으로 주차장 관리인을 만나 수목 정비에 대해 요청하였으며, 해당 토지 소유주에게도 공문을 전달하여 불편사항이 정비될 수 있도록 노력하겠습니다.

더 궁금하신 사항이 있으신 경우 종로구청 도시녹지과(담당 ☎2148-2853)로 문의하여 주시면 성심성의껏 안내해 드리겠습니다. 감사합니다."
25,통의동 23번지 전지요청,조○○,2025-08-06 15:11:30,"1)문제점

종로구 통의동 23번지 ‘까사 이태리아’ (상호명) 식당부지에 식재 된 교목들이 수년간 전혀 관리되지 않고 방치되어, 골목길 절반 이상을 심각하게 뒤덮고 있습니다. 차량이 통행할 때, 방치된 수목의 잎과 가지가 차량 측면에 접촉하면서 주차감지 경고음이 지속적으로 발생하고 있습니다. 이로 인해 운전자들은 본능적으로 나뭇가지를 피하기 위해 도로 우측(통의동 98번지 건물 측)으로 최대한 밀착하여 주행하게 되며, 그 결과 해당 건물 외벽과 간판에 반복적인 접촉 피해가 발생하고 있습니다. 그로 인해 차량은 도로 좌측 수목을 피하기 위해 우측 건물 쪽으로 바짝 밀착해 진입해야 하며 (사진상 방향), 보행자의 경우도 마찬가지입니다. 이로 인한 구체적인 피해 사례가 다음과 같습니다.
① 저희 소유 건물인 통의동 98번지 외벽 코너부는 반복적인 차량 접촉으로 인해, 벽체 훼손 및 간판 파손 등, 물리적 손상이 누적되고 있습니다.
② 설치된 안전 볼라드(주황색)마저 차량에 밟혀서 휘어져 있는 상태로, 차량이 밀착해 주행한 결과입니다.
③ 높은 차량(예: 트럭 등)이 건물 측으로 바짝 붙어 회전하다가 간판 상단부에 충돌하여 외장 파손이 발생했습니다. 향후, 간판의 낙하로 보행자의 안전을 위협할 수 있습니다.
이 역시 수목 방치로 인한 차량 통행 제한의 결과로, 재산상 손해가 분명하게 발생한 사례입니다.
(※ 첨부사진 3건: 전지방치사진 외벽 손상 간판 파손)
④ 이로 인해 해당 건물(통의동 98번지)의 임차인(곰솔 음식점)은 차량 운전자에게 벽체를 인지시키기 위해 형광 녹색 페인트를 자비로 칠해 자구책을 취하고 있는 상황입니다.
이는 구조물 훼손이 단발적 현상이 아닌, 반복적이고 지속적인 피해임을 보여주는 단적인 사례입니다.
⑤ 차량 통행이 원활하지 않아 상시적인 교통 혼잡이 발생하고 있으며, 이에 따라 저희 직원들이 주차관리 부재로 인한 교통 문제까지 주차장 경비원을 대신하여 해결하며, 보행자 안전과 차량 흐름 확보를 위해 지속적으로 조치하고 있는 실정입니다.

2)요약

① 차량 통행의 안전성 저해 및 건물 외벽(코너부) 반복 손상
② 건물 간판 파손 및 낙하 위험 발생
③ 보행자 동선 제한 및 통행권 침해 및 안전 위험
④ 골목 전체의 공공성과 공유 공간 기능 상실
⑤ 방치된 교목으로 인한 지속적 분쟁 및 민원 유발

3) 결론

① 해당 수목의 관리 책임은 통의동23번지 소유주에게 있으며, 이는 민법상 소유자의 유지·관리 의무에 해당합니다.
현재 방치된 나뭇가지들이 보행자 통로와 차량 통로를 침범하고 있고, 실제 건축물 피해와 구조물 손상이 확인된 만큼, 더 이상 방치되어서 는 안 됩니다.
② 이에 따라, 종로구청의 현장 실사 및 ‘전지’ 명령, 이행 강제조치 등 강력하고 즉각적인 행정 조치를 요청드립니다.
첨부된 사진 자료를 통해 피해 사실을 확인해 주시고, 추가 사고 방지를 위해 빠른 조치 부탁드립니다.",도시관리국 도시녹지과,2025-08-12 13:35:14,"안녕하십니까? 우리 구정 발전에 관심과 애정을 가져주시는 귀하께 감사의 말씀을 드리며, 말씀 주신 내용에 대해 다음과 같이 답변드립니다.

25. 8. 8.(금) 16시경 현장 확인 결과, 식당 건물에서 자라는 수목이 좁은 도로쪽으로 자라 통행에 불편이 있음을 확인하였습니다.

다만, 제보 주신 바와 같이 사유지 내 수목은 소유주가 관리하여야 하는 사항으로 식당 직원을 만나 수목 정비에 대해 요청하였으며, 해당 토지 소유주에게도 공문을 전달하여 불편사항이 정비될 수 있도록 노력하겠습니다.

더 궁금하신 사항이 있으신 경우 종로구청 도시녹지과(담당 ☎2148-2853)로 문의하여 주시면 성심성의껏 안내해 드리겠습니다. 감사합니다."
26,종로문화체육센터 셔틀버스 운행 확대 혹은 마을버스 신설 요청,장○○,2025-07-31 21:32:48,"종로문화체육센터에 셔틀버스를 이용해서 다니고 있는 주민입니다. 평소 센터 운영과 셔틀운행에 힘써주시는 분들께 감사드립니다.

그런데 이곳의 교통편에 대해 개선 요청 사항이 있어 의견을 드리고자 합니다.

제가 다니는 셔틀1호 지역 (센터-서촌지역-신영동-부암동-평창동) 지역에서 센터를 가기 위해서는 이 셔틀외에 대중교통으로는 접근하기가 너무나 어렵습니다.

셔틀은 1시간에 한번 다니고 09시-18시 까지만 운영하기 때문에 정규시간외에 이른 아침이나 저녁시간에 수강을 위해서는 자가용 승용차를 이용할 수 밖에 없습니다.

자가용승용차를 가지지 않은 저같은 주민으로서는 대중교통을 이용해서 다니길 몇번 시도해 보았습니다. 그러나 집-경복궁역 버스 1회 -도보로 약 1백미터 이동-버스 환승-내려서 도보로 10분 이상 이동하면 시간도 많이 걸리고 더큰 문제는 센터가 산 위에 있기 때문에 경사가 급한 길을 10분이상 걷기가 매우 힘들어서 다니기를 포기해야만 했습니다.

시설에서는 주차장 사용을 자제하고 대중교통 이용을 해달라고 권장하고 있지만 이런 사정 때문에 대중교통을 이용할 수가 없을 것 같습니다.

센터 앞에는 종로05번 마을버스가 운행중인데, 이 버스는 이름은 종로 마을버스이지만 독립문역쪽으로 해서 서대문구 쪽으로 운행하기 때문에 서대문구 주민들이 이 센터를 이용하는데 최적의 조건을 제공해주고 있죠. 운영시간도 새벽부터 밤 11시 까지구요. 센터 접근성이 너무 떨어지는 서북쪽 종로구민으로서는 부러울 따름입니다.

이에 다음과 같은 사항을 요청드립니다

1) 종로 05번과 같이 센터앞까지 운행되는 마을버스 신설을 검토해주십시오 2) 현재 운행되고 있는 셔틀1호의 운행시간을 오전 09시 이전과 18시 이후 센터 운영마감시간까지 확대해주십시오. 3)더 가능하다면 운행 편수도 1시간에 1번 외에 더 늘려주신다면 제일 좋겠구요.

적극 검토를 바랍니다. 감사합니다",문화환경국 관광체육과,2025-08-11 13:33:36,"1. 안녕하십니까? 귀하께서 건의하신 종로문화체육센터 셔틀버스 운행 관련 건의에 대해 깊이 감사드리며, 이에 대해 답변드립니다.
※ 첫번째 질문(마을버스 신설)에 대해서는 관련부서(교통행정과)에서 답변 예정입니다.

2. 부암동을 경유하는 종로문화체육센터 셔틀버스 1호차 운행시간은 08:10 ~ 18:10(센터 출발시간 기준)이며, 셔틀버스의 운행 시간·횟수 확대는 이용 편의성 향상 측면에서 매우 중요한 사안임을 공감합니다만, 이를 위해서는 추가 차량 확보, 인건비, 유류비 등 상당한 예산이 소요되며, 현재 시간대별 이용자 수를 고려하였을 때 우리 구의 재정 여건상 즉시 반영하기 어려운 상황임을 양해 부탁드립니다.

3. 우리 구에서는 향후 예산 상황과 이용자 수요를 종합적으로 검토하여, 공공체육시설 이용 불편을 최소화하도록 하겠습니다. 추가적으로 문의 사항이 있으신 경우 종로구 관광체육과 장영진 주무관(☎02-2148-1884)에게 연락주시면 성심껏 답변드리겠습니다. 감사합니다. 끝."
27,북악산산책로 3번출입구 쓰레기,정○○,2025-07-28 10:02:06,"요즘 북악산 산책로 3번 출입구 주차장에서 계단으로 올라가는 곳에 담배꽁초와 쓰레기가 너무 많습니다.
관리자가 매일 치우는 모습이 보이는데도 인근에 카페가 생긴후로는 담배꽁초가 너무 많아요. 산으로 올라가는 계단 입구에 금연 쓰레기투기 방지판을 부착해 주셨으면 합니다.
산불위험도 있고 요즘 외국인들도 꽤 오던데 너무 더러워서 부끄럽습니다.감사합니다.",도시관리국 도시녹지과,2025-08-05 18:00:54,"안녕하십니까? 귀하께서 신청하신 민원(국민신문고 접수번호: 202507281002063810)에 대한 검토 결과를 다음과 같이 알려드립니다.

귀하의 민원은 청운대 안내소 주차장 쓰레기 청소 요청에 관한 내용으로 확인됩니다.

말씀주신 대상지는 지난 2025. 8. 1.(금) 현장확인 후 쓰레기 수거를 완료하였습니다. 앞으로도 아름답고 쾌적한 공원 관리를 위해 최선을 다하겠습니다.

우리구 공원 미화를 위해 신고주신 선생님께 다시 한번 감사드리며, 위 사항과 관련하여 더 궁금하신 사항에 대해서는 도시녹지과(담당 정지원 ☎02-2148-2832)로 연락해주시면 친절하게 설명해드리도록 하겠습니다. 감사합니다."
28,정부 청사 인근 공사 폐기물 장기 적치에 따른 악취 및 안전 위협 조치 요청,김○○,2025-07-26 08:45:10,"안녕하십니까.
저는 종로구 효자로9길 24 인근 빌라에 거주 중인 주민입니다.

최근 **정부 청사 신축이 완료된 이후에도 청사 후면부(GS편의점 뒤편)**에 공사 과정에서 발생한 폐기물과 자재들이 장기간 방치되고 있어 주민 생활에 심각한 피해가 발생하고 있습니다.

첨부된 사진에서 보시다시피,

폐자재(콘크리트 블록, 팔레트, 플라스틱 덮개 등),

다량의 폐기물 포대 및 쓰레기 더미,

오물과 악취 발생 등이 수주째 그대로 적재되어 있으며,

수거 예정이라고만 안내하고 실제 조치는 전혀 이루어지지 않고 있습니다.


이로 인해 다음과 같은 피해가 발생 중입니다:

1. 악취와 위생 문제: 여름철 기온 상승으로 인해 심한 악취가 발생하고 있으며, 해충 발생 우려도 있습니다.


2. 보행자 및 차량 통행 안전 위협: 적치된 폐기물이 인도 및 도로로 확장되어, 주차 및 통행이 매우 불편한 상황입니다.


3. 화재 및 낙하물 위험: 목재 팔레트 등 인화성 자재 및 부적절하게 쌓인 폐기물은 화재 및 붕괴 위험도 내포하고 있습니다.



해당 장소는 정부청사라는 공공기관 부지임에도 불구하고, 공사 종료 이후 지속적으로 관리 책임 없이 방치되고 있는 실정입니다.
이에 따라 다음과 같은 조치를 요청드립니다:


---

[요청사항]

1. 해당 지역(효자로9길 24 GS편의점 뒤편)의 폐기물 및 자재 즉각 수거 조치


2. 방치 책임 소재 확인 후, 시공사 및 청사 관리주체에 대한 행정 조치


3. 향후 공공청사 공사 완료 이후 잔여 자재 및 폐기물 적치 금지 안내 및 재발 방지 대책 마련




---

주거지 바로 앞 공공부지에서 이처럼 장기적으로 폐기물이 방치되는 것은 명백한 행정 관리 부실입니다.
시급한 현장 확인 및 조치 부탁드립니다.

감사합니다.",문화환경국 청소행정과,2025-07-30 10:58:17,"1. 안녕하십니까? 귀하께서 신청하신 응답소 민원(접수번호 : 202507260845103540)에 대해 아래와 같이 답변 드리겠습니다.

2. 귀하의 민원 내용은 효자로 8길 24 소재 정부청사의 공사폐기물 적치에 대한 수거 및 행정조치 요청으로 이해됩니다. 해당 장소는 정부청사 소유지로 우리 구에서는 직접 조치할 수 없으며, 주민 불편이 없도록 정부청사 관리자 처리요청하였으며, 2025.8.15.까지 수거 예정임을 알려드립니다.

3. 보다 자세한 문의사항이 있으실 경우 무단투기 관련 문의는 청소행정과 김보경(☎ 02-2148-2379)으로 연락 주시면 자세하게 설명드리도록 하겠습니다. 참고로 민원행정서비스 개선을 위해 처리결과에 대한 만족도 조사를 실시하고 있습니다. 많은 참여 부탁드립니다. 감사합니다. 끝."
29,북촌 골목길 도로 정비 요청,김○○,2025-07-25 10:43:45,"- 위치 : 북촌로 7길 13 건물 주차 자리 앞
- 민원 내용 : 아스팔트가 넓게 파져서 도로에 흙구덩이가 생겼습니다.
그 위치에 동네 길고양이 배변장소가 되어 골목길이 온통 고양이 똥 천지입니다.
고양이들이 배변장소로 인식하지 못하게 하기 위하여 락스, 식초, 좀약 등 다 넣어봐도 무용지물입니다.
골목안쪽에 백윤재 가옥이 위치해 있어 내,외국인이 관광하러 자주 들락거려서 밟고 지나가는 분들도 많아 심할때는 그 주위 전체가 똥밭입니다.
안그래도 골목길 도로 상태가 많이 안 좋은데 확인해보시고 조치 부탁드립니다.
관광객도 거주자들도 편하게 지낼 수 있는 공간으로 조성해주세요.",도시안전국 도로과,2025-07-30 17:48:47,"1. 항상 구정 발전을 위해 적극 협조하여 주셔서 감사를 드립니다.
2. 선생님께서 말씀하신 북촌로7길 13 주차장 침하된 아스팔트는 사유지로 확인되어
정비하지 못하였으며, 도로정비는 제한된 예산으로 운영됨에 따라 안전상 긴급
하거나 도로상태가 좋지 않은 곳부터 순차적으로 진행하고 있습니다. 문의주신
구간 도로 상태 확인 결과 연내 정비는 어려우며 추후 재검토할 수 있도록 하겠
습니다.
3. 다시 한 번 구정 발전을 위한 관심과 의견에 감사드리며 궁금하신 사항은 종로구
도로과(김수동, 02-2148-3173)로 연락주시면 성심껏 답변드리겠습니다. 끝.

※ 첨부파일 :
image02.png"
30,공공부지 무단 주차 및 이중주차 방치 민원,안○○,2025-07-24 17:07:21,"신문로2가 2-1 부지에 공무원 차량들이 주차하고 있으나,
현장에는 공무원 전용 표지판, 주차구획선, 민간인 출입 금지 표식이 일절 없습니다.
이 상태에서 공무원 차량이 제 차량 앞에 이중주차까지 하여 통행을 방해했으며,
이는 공공부지의 불명확한 사용과 공무원 특혜로 보입니다.
해당 부지가 합법적 주차장인지 여부, 그리고 적절한 안내표지 없이 전용 사용 중인 이유에 대해 감사 또는 시정 요청합니다

------------------------------------


일시 : 25.7.23 오후9시경 ~ 2025.7.24 오전9시경
장소 : 경희궁, 서울역사박물관주차장 앞
내용 :
경희궁 앞을 방문할 일이 생겨 잠시 주차를 하였고,
이중주차로 인한 피해가 있었으며 이것이 타당한지 여쭙고자 민원드립니다.

경희궁 앞에 주차가 많이 되어있어 저도 주차를 했습니다.
돌아와보니 공무차량이 이중주차가 되어있더군요.

휴대전화로 전화를 드리니 이 곳은 공무원주차장이고,
다시 오시기에 1시간이 넘게걸리기때문에 차를 빼줄수가 없다고 합니다.
(오른쪽-공무차량, 왼쪽-어떤 회사차량, 앞-공무차량)
그 이후 전화를 받지 않으셨습니다.

다음날 아침, 다시 전화를 걸어 차를 빼달라고 말씀드리니
종로구청 직원으로 보이는 여자분께서 차를 빼주셨습니다.
뒤따라서 남자직원분이 나오시더군요.
본인들은 차를 댄 사람은 아니고, 차를 빼주러 온 사람이다. 죄송하다는 말씀만 하시며
이곳은 공무원주차장이라고 말씀을 하시더라구요.
(어느곳에도 주차에 대한 팻말은 없으며, 일반차량도 주차를 자유롭게 할 수 있는 공간이었습니다.)

공무원주차장은 공무원만 알고있는 장소를 뜻하는 것인지,
공무원만 주차할 수 있습니다라고 써두던지, 어떤 안내가 있어야하는 것이 아닙니까?
또한 다른 직원에게 시켜서 차를 빼주는 행위, 연락무응답 등
서울 중심에 있는 종로에 대한 인식이 크게 달라지는 일이었습니다.
결과적으로 그로인해서 저는 귀가하지 못했고, 출근도 못했습니다.
답변 기다리겠습니다.",문화환경국 문화과,2025-07-31 15:20:45,"1. 안녕하십니까? 귀하께서 신청하신 민원(접수번호: 202507241707213323)에 대한 검토 결과를 다음과 같이 알려드립니다.

2. 귀하의 민원 내용은 종로문화재단 차량의 이중주차로 겪으신 불편 및 해당 사항 시정요구에 관한 내용으로 판단됩니다. 먼저 이중주차로 불편을 끼쳐드린 점에 대해 진심으로 사과드립니다.

3. 차량 이동에 불편을 드린 차량은 종로문화재단 사용중인 차량으로, 야간 행사를 마친 후 주차공간이 부족한 상황에서 부득이하게 이중주차를 하게 되었습니다. 늦은 시간으로 인해 연락이 원활하지 않았고, 바로 조치하지 못하여 불편을 드리게 되어 죄송합니다. 더욱이, 구청 공무원 주차장으로 잘못 인지하여 부정확한 안내로 혼선을 드린 점에 대해서도 다시 한 번 사과드립니다.

4. 앞으로 유사한 상황이 발생하지 않도록 주차 시 더욱 각별히 유의하고, 해당직원에게는 잘못된 정보를 안내하지 않도록 직원 교육을 실시하였습니다.

5. 다시 한 번 불편을 드린 점 진심으로 사과드리며, 앞으로도 구정발전에 많은 관심과 참여 부탁드립니다. 추가적인 문의사항이 있으실 경우 종로문화재단 박종윤(☎ 02-6203-1141)에게 연락주시면 친절하게 설명 드리겠습니다. 끝."
31,종로구 옥인동 47-151 건축허가 관련,김○○,2025-07-15 17:44:13,"서울시 종로구 옥인동 47-151 신축건물 허가 시 주차장 제외 사유가 무엇인가요?
동 지역은 법대로 주차장을 구비하되 주차장 설치 시 이용이 불가능한 대지는 주차장 설치를 안할수 있도록 한 지역입니다.
동 종로구 옥인동 47-151 대지는 도로와 접해 있어서 주차장 면제 조건에 부합하지 않습니다.
이런 경우까지 주차장 설치를 면제해 준다면 이는 공무원의 재량범위를 벗어나는 일이라 생각됩니다.

감사합니다.",도시관리국 건축과,2025-07-16 17:47:43,"1. 우리 구 행정발전을 위해 협조하여 주시는 귀하께 감사드립니다.
2. 귀하께서 제기하신 민원은 우리 구 옥인동 47-151 지상 건축물과 관련하여 부설주차장 면제 사유에 대한 내용으로 이해됩니다.
3. 관련도서 확인결과 제기하신 옥인동 47-151은 「종로구 옥인동 47번지 일대 관리형 주거환경개선사업 정비구역」으로, 정비계획에서 차량출입불허구간으로 지정한 대지 및 차량출입불허구간 지정으로 인하여 차량출입이 제한된 대지는 종로구 건축위원회 심의를 통해 인정받는 경우 부설주차장 설치기준 100 완화 가능하다고 사료됩니다.

[옥인동 47번지 일대 관리형 주거환경개선사업 정비구역 민간부문 시행지침]
※ 제8장 교통처리 등에 관한 사항
제22조 제한적 차량출입불허구간(권장사항)
? 골목길 보호 및 정주환경 유지를 위하여 차량출입불가대지 내 차량출입 및 주차출입구 설치를 불허 할 수 있다.
? … 제한적 차량출입 불허구간으로 지정된 대지는 개발 시 종로구 건축위원회 심의를 통해 사실상 차량진입이 불가능하나, 주차장을 설치할 경우 건축행위가 불합리한 대지 또는 대지 조건에 따라 주차장 설치가 불가능한 경우에 한하여 차량출입불가대지로 인정한다.

4. 추가적으로 「종로구 옥인동 47번지 일대 관리형 주거환경개선사업 정비구역」은 우리 구 주택관리과에서 담당하고 있으므로, 이와 관련하여 궁금하신 사항이 있을 경우 우리 구 주택관리과(담당 강정환 주무관, ☎02-2148-2612)로 연락주시면 성심 성의껏 답변 드리겠습니다. 끝."
32,북촌 한옥마을 출입통제 관련 문화환경국 관광체육과의 대응에 이의 제기,이○○,2025-05-08 17:46:37,"종저 글 작성자입니다.
북촌 한옥마을 출입통제 관련 민원글을 검색해 본 뒤, 관련하여 문화환경국 관광체육과 담당자 분이 남기신 댓글에 관하여 다음과 같이 이의를 제기합니다.
.
종로구 문화환경국 관광체육과에서는 종로구 새올전자민원창구라는 웹사이트에서 본 내용과 비슷한 민원에 대해 북촌이 주거지로서의 기능을 유지하면서도 지속 가능한 관광지를 만들어가기 위한 불가피한 조치라며 상점 이용객, 숙박객, 단순 통과자 등은 예외적으로 방문이 가능하도록 보완책을 마련했다는 답변을 하고 있으나, 이는 다음과 같은 이유로 현실과 괴리된 형식적 변명에 불과합니다.

1. 6년간 시행해온 정책이라는 주장의 오류
2018년부터 시행해온 자율적 계도와 현재의 과태료 부과는 그 성격과 영향력이 본질적으로 다릅니다. 과태료 부과는 단순한 강화가 아닌 정책의 본질적 변화로, 새로운 정책 시행 전 반드시 철저한 영향평가가 선행되었어야 합니다.

2. 예외적 방문 가능 조치의 실효성 부재
현장에서 실제로 발생하는 상황은 구청의 답변과 크게 다릅니다. 단순 통과자마저 출입을 제한당하는 사례가 빈번하게 발생하고 있으며, 팥죽집을 가기 위해 한옥마을을 통화하려는 방문객조차 제지당하는 상황이 목격되고 있습니다. 이는 현장 인력의 교육 부재와 지나친 단속 지향적 업무 수행에서 비롯된 것입니다.

3. 상인과 관광객의 불편을 최소화하기 위한 보완책의 실패
상점 이용객이 예외적으로 방문 가능하다는 조치는 실질적 효과가 전무합니다. 북촌 한옥마을의 상업 구조상 대부분의 소비자는 우연히 가게를 발견하고 방문하는 형태인데, 현 정책은 이러한 자연스러운 상업 활동을 원천 차단하고 있습니다. 결과적으로 지역 상권은 심각한 매출 감소로 폐업 위기에 직면해 있습니다.

4. 상호 존중과 협력 언급의 모순
주민, 상인, A관광객 간 상호 존중과 협력을 언급하면서도, 실제 정책은 오직 일부 주민의 민원만을 과도하게 반영한 일방적 조치입니다. 상인과 관광객, 그리고 다양한 의견을 가진 주민들의 목소리는 정책 결정 과정에서 철저히 배제되었습니다.

종로구 문화환경국 관광체육과에서 시행 중인 북촌 한옥마을 출입통제 정책이 지역 상권과 주민들에게 심각한 피해를 초래하고 있어 즉각적인 재검토 및 시정을 요청합니다.

1. 상점 생존권 심각한 침해
현재 시행되는 상점 이용객 예외적 방문 허용 조치는 명목상의 대책에 불과합니다. 북촌 한옥마을의 지리적 구조 및 관광 행태를 고려할 때, 대부분의 방문객은 우연히 상점을 발견하고 이용하는 형태입니다. 사전에 특정 상점을 방문할 목적으로 오는 관광객은 극히 일부에 불과합니다. 결과적으로 이 정책은 일방적인 상권 고사 정책이며 다수 상점이 폐업 위기에 직면해 있습니다.

2. 불법 주정차 관련 사실관계 오류
현장에서 직접 목격한 바, 불법 주정차 문제의 주요 원인은 관광객 보다 지역 주민 및 한옥 관련 공사 인력 차량의 원인이 더 큽니다 관광객 대부분은 대중교통이나 택시를 이용하며, 이에 대한 객관적 데이터 없이 관광객 통제로 주차 문제를 해결하려는 접근은 근본적 오류입니다.

3. 과도한 통행 제한의 법적 문제
단순 통과 목적의 시민조차 출입을 제한하는 현 조치는 헌법상 보장된 일반 시민의 통행권을 심각하게 침해합니다. 이는 행정편의주의적 발상으로, 국내외 어떤 관광지에서도 찾아보기 힘든 과도한 제한 조치입니다.

4. 거주지 보호 형평성 문제
특정 지역에만 이러한 강도 높은 출입통제를 실시하는 것은 타 지역 주민들과의 형평성에 심각히 어긋납니다. 모든 시민은 동등한 수준의 행정 서비스를 받을 권리가 있으며, 북촌 지역 주민들만 특별 대우하는 결과를 초래하고 있습니다.

5. 행정 자원의 비효율적 배분
현재 외국어 소통 능력도 부족한 인력이 무차별적으로 방문객을 통제하는데 투입되고 있습니다. 이는 행정 인력의 심각한 낭비이며, 오히려 이 인력을 지역 치안 강화나 실질적인 관광 안내에 활용하는 것이 바람직합니다. 종로구 문화환경국 관광체육과에서 언급한 전세버스 통행 제한 정책과 같은 교통 문제 해결에 우선 투입하는 것이 훨씬 효과적일 것입니다.

6. 정책 시행 과정의 심각한 절차적 하자
종로구 문화환경국 관광체육과는 정책의 실효성을 높이기 위해 지속적으로 의견을 반영하여 정책을 개선해나갈 계획이라고 답변했으나, 현 과태료 부과 정책 시행 전 이해관계자(특히 지역 상인)와의 충분한 협의 과정이 전무했습니다. 행정절차법상 요구되는 의견수렴 과정을 생략한 채 일방적으로 시행된 본 정책은 절차적 정당성을 심각하게 결여하고 있습니다.


요청 사항
1. 현 출입통제 정책의 즉각적인 재검토 및 완화 조치 - 특히 상점 이용객 예외 조항의 실질적 이행 방안 구체화
2. 상권 보호를 위한 실질적인 대안 마련 (단순 명목상 대책이 아닌) - 현재 정책으로 인한 상권 피해 정도에 대한 실태조사 포함
3. 불법 주정차 문제 해결을 위한 정확한 원인 분석 및 대책 수립 - 관광객이 아닌 공사 인력 차량 통제 방안 마련
4. 행정 인력의 효율적 재배치를 통한 실질적 민원 해소 방안 마련
5. 모든 이해관계자(주민, 상인, 방문객 대표)가 참여하는 공청회 긴급 개최
6. 정책 시행 효과에 대한 객관적인 데이터 수집 및 공개 (단순히 주민 불편이 있었다는 추상적 근거가 아닌 구체적 통계 자료)
7. 현 정책의 법률적 타당성에 대한 법제처 유권해석 요청

위 사항에 대한 구체적 조치 계획을 정확히 회신해 주시기 바랍니다. 답변서에 단순히 기존 정책의 당위성만 반복하는 형식적 내용이 아닌, 각 요청사항에 대한 구체적 대응 방안이 포함되어야 함을 강조드립니다.

북촌의 진정한 지속가능성은 일방적 통제가 아닌, 주민, 상인, 방문객 모두의 권리가 균형있게 보장될 때 가능함을 명심해 주시기 바랍니다. 종로구청이 언급한 지속 가능한 관광지라는 목표는 현재와 같이 극단적인 출입통제가 아닌, 적절한 공존 방안을 통해서만 달성될 수 있을 것입니다.",문화환경국 관광체육과,2025-05-16 15:24:31,"1. 우리 구정에 지속적인 관심을 가져주시고 다양한 의견을 제시해 주셔서 감사드리며, 귀하께서 제안하신 내용에 대하여 다음과 같이 답변드리겠습니다.

2. 귀하의 민원은 북촌 관광객 방문시간 제한 정책과 관련하여, 기존 구의 답변에 대한 실효성·정당성에 대한 이의 제기와 함께, 상권 피해, 형평성, 절차적 타당성, 정책 완화 및 대안 마련 등을 요청하신 것으로 이해됩니다.

① 정책 추진 배경 및 절차
본 정책은「관광진흥법 시행규칙」제57조에 근거하여 관광객 수용 가능 범위, 소음, 교통혼잡 등 각종 지표에 대한 기초조사를 바탕으로 추진되었습니다. 북촌 일대에 대한 정책연구용역을 통해 지역 여건에 적합한 객관적 기준을 마련하였으며, 인터뷰, 설문조사, 간담회, 설명회, 입법예고 등 다양한 의견수렴 절차를 거쳤습니다. 또한 「행정절차법」에 따라 공청회를 실시하였으며, 관련 자료는 종로구청 홈페이지(www.jongno.go.kr) 및 정책연구관리시스템 프리즘(www.prism.go.kr)을 통해 열람하실 수 있습니다.

② 출입 예외 적용 및 현장 인력 운영
상점 이용객, 숙박객, 사업장 종사자, 단순 통과자 등은 관광객 방문 제한 대상에서 제외되며, 해당 기준이 현장에서 명확히 적용될 수 있도록 북촌보안관 교육을 강화하고, 응대 매뉴얼 및 안내 문구도 지속적으로 보완하고 있습니다. 또한 과태료 적용 대상의 구체적인 판단 기준을 담은 가이드라인을 마련하여, 불필요한 제지나 오해가 발생하지 않도록 관리체계를 개선해 나가고 있습니다. 한편, 전세버스 통행 제한 등 타 정책과의 인력 연계에 대해서는 각 정책의 목적과 운영방식이 상이하여 단순한 전환은 어려운 점을 양해하여 주시기 바랍니다

③ 상권 실태조사 및 대안 검토
우리 구는 관광객 방문시간 제한 정책 시행과 관련하여 레드존 내 상권 실태조사를 진행하였으며, 상인 대상 간담회와 개별 면담도 병행하고 있습니다. 수렴된 의견은 정책 운영 과정에 참고하고 있으며, 기존 정책의 취지를 유지하는 범위 내에서 지역 상권을 위한 별도의 대안 마련 방안도 함께 검토 중입니다.
④ 불법 주정차 문제에 대한 원인 분석
전세버스 통행 제한 정책은 북촌로 일대의 교통 혼잡 및 불법 주정차 문제 해소, 주민과 보행자의 안전 확보를 위한 조치입니다.
현재 제한구역에는 주차금지 노면표시(황색 점선·실선)가 적용되어 있으며, 전세버스의 반복적인 진입으로 인해 통행 불편과 보행 안전 저해 문제가 지속 제기되어 왔습니다.
이에 따라 우리 구는 주거환경 보호 및 보행 중심의 관광환경 조성을 위해 2025년 7월 1일부터 해당 정책을 시행하고, 2026년 1월 1일부터는 위반 시 과태료를 부과할 예정입니다. 정책 시행 전 충분한 안내와 홍보를 통해 현장 혼선을 최소화할 계획입니다.

⑤ 법적 타당성
본 정책은「관광진흥법」제48조의3 및「서울특별시 종로구 관광진흥조례」에 따라 시행 중임을 알려드립니다.

⑥ 향후 공론화 확대 및 정책 운영 방향
우리 구는 예정된 간담회 및 현장 모니터링을 통해 불필요한 제한이나 오해가 발생하지 않도록 현장 중심의 운영을 지속 개선해 나가겠습니다. 다양한 의견 수렴을 위한 주민·상인 간담회 등 현장 중심의 소통 창구를 지속 확대해 나갈 예정입니다.

⑦ 거주지 보호 형평성 문제
북촌 특별관리지역 지정 및 관광객 방문시간 제한 조치는, 북촌로11길 일대가 전통한옥 밀집 주거지이자 관광객 집중 지역으로, 서울시 평균 대비 4배 이상의 주민 감소율, 민원 발생 밀도 등을 고려한 결과입니다. 해당 정책은 특정 지역을 차별적으로 제한하기 위한 것이 아니라, 지역 여건에 따라 법적 요건과 객관적 자료를 기반으로 한 합리적인 대응임을 알려드립니다.

⑧ 정책 완화 요청에 대한 입장
현재 시행 중인 관광객 방문시간 제한 조치는 과잉관광으로 인한 주민 불편 해소를 위한 불가피한 조치로, 정책 자체의 완화는 당장은 어렵다는 말씀드립니다. 다만, 상권 보호는 별도의 대안 마련을 통해 보완하는 방향으로 접근하고 있습니다.


3. 귀하의 요청이 수용되지 못하는 점 양해의 말씀을 드리며, 추가적인 문의사항이 있으실 경우 서울특별시 종로구 문화환경국 관광체육과 이은지(☎ 02-2148-1853)에게 연락주시면 친절하게 설명하여 드리도록 하겠습니다. 감사합니다. 끝."
33,청와대팔판 주차구역(서울 종로구 팔판동 115-37) 관련 건,조○○,2025-03-24 10:56:05,"청와대팔판 주차구역(서울 종로구 팔판동 115-37) 관련 건

해당 공간의 경우 시설관리공단 홈페이지상 일반구역으로 분류되어 월단위 거주자 우선주차를 신청할 수 없는 것으로 확인됩니다.

1. 차단기를 설치하고 거주자 우선 주차공간으로 설립해놓았으나 이렇게 운영되게된 이유를 알려주십시오.

2. 해당 공간을 거주자 우선 주차 공간으로 다시 할당해 거주민의 정주권을 보장해주십시오.",도시재생국 주차관리과,2025-03-26 14:05:48,"1. 안녕하십니까? 귀하께서 신청하신 민원에 대한 검토 결과를 다음과 같이 알려드립니다.

2. 귀하께서 제기하신 민원내용은 청와대 팔판동 주차장 거주자우선주차제 지정 에 관한 의견으로 판단됩니다.

3. 청와대 팔판공영주차장은 거주자전용 우선주차장으로 운영되고 있음을 알려드립니다. 거주자우선주차제는 개별지정(지정제)과 일반구획(구간제)로 나누어서 운영됩니다. 지정제는 해당구획에 지정등록된 차량만 주차가능한 제도이고, 구간제는 해당구간에 배정받은 거주자는 구간 내에는 어디에나 주차가 가능한 제도입니다. 따라서 팔판공영주차장은 일반구획(구간제)로 운영되고 있는 거주자전용 주차장임을 다시 한번 알려드립니다.

4. 구정 발전을 위해 좋은 의견 주신 귀하께 감사드리며 추가적인 문의사항이 있으실 경우 종로구 주차관리과(☎ 02-2148-3333)로 연락주시면 친절하게 설명하여 드리도록 하겠습니다. 감사합니다. 끝."
34,삼청공원 입구(서울지구병원 남측) 거주자 우선주차장 관련건,조○○,2025-03-24 10:51:14,"삼청공원 입구(서울지구병원 남측) 거주자 우선주차장 관련건 민원입니다.

1. 해당 주차장의 경우 주차 공간의 공정은 공개 자료상 100퍼센트로 확인되나, 주차장의 기능과 관계가 없는 옥상 공사를 이유로 시설 운영 개시를 하지 않고 있습니다. 빠른 시정을 요구합니다.

1-1. 해당 주차장의 운영 개시일을 알려 주십시오.

2. 당초 유선 문의상 200여자리 중 거주자 우선 주차 구역으로 70여 자리 이상을 배정하는 것으로 이야기가 있었는데 어떻게 결정된 것인지 알려주십시오.

3. 북촌 지역 거주민은 만성적인 주차공간 부족으로 골목 주차 등을 하고 있는 실정입니다. 또한 거주자 우선주차 공간이 부족하여 주차 공간을 찾기 매우 어렵습니다. 최근들어 북촌 통행 금지 등 정주권 보장을 위한 정책이 광범위하게 시행되거 있는 바, 종로구청은 본 신규 주차장에 거주자 우선주차 공간을 충분히 마련하여 거주자의 정주환경 개선에 보탬이 되어 주시기 바랍니다.",도시재생국 주차관리과,2025-03-31 18:18:02,"1. 안녕하십니까? 귀하께서 신청하신 민원에 대한 검토 결과를 다음과 같이 알려드립니다.

2. 귀하께서 제기하신 민원내용은 삼청공원 입구 공영주차장 공사 및 거주자우선주차장 운영에 관한 의견으로 판단됩니다.

3. 공사진행 관련하여 삼청제1공영주차장은 현재 지하부 공영주차장에 대한 공사는 마무리 단계이나, 주차장 지상부 공사가 일부 남아있으며, 운영 개시일에 대한 유관기관 협의 및 행정 절차가 이뤄지고 있는 단계로 주차장 운영 개시일이 확정될 경우 종로구 홈페이지 또는 구보 등에 홍보될 예정입니다.

4. 거주자 배정 관련하여 삼청제1공영주차장 거주자면은 70여대정도 예정중에 있으며, 확정될 경우 운영개시일과 함께 종로구 홈페이지에 고시될 예정입니다.

5. 구정 발전을 위해 좋은 의견 주신 귀하께 감사드리며 추가적인 문의사항이 있으실 경우 종로구 주차관리과 공사담당(☎ 02-2148-3347), 거주자운영담당((☎ 02-2148-3333)로 연락주시면 친절하게 설명 드리도록 하겠습니다. 감사합니다. 끝."
35,보행자안전을 위해 인도 설치 요청합니다,오○○,2025-03-10 14:42:08,"종로구 창경궁로 35길에 인도 설치 요청합니다.

주중 출퇴근 시간 중의 차량 통행량이 유독 많고, 한양도성센터, 재능교육JCC 아트센터, 혜화문 등 공공시설이 밀집돼 있어 주중뿐 아니라 주말에도 차량 통행과 보행자 유동 인구가 많으나 인도와 차도 구분이 없습니다. 게다가 인근 음식점 방문 차량 등의 일상적인 도로변 불법 주.정차로 인해 보행자 안전이 위험한 상황입니다..

현재 해당 도로의 제한속도는 30km임에도 지켜지지 않는 경우가 있는 것 같아, 특히 해당 도로를 이용하는 인접한 혜화초등학교 및 혜화초등학교 병설유치원, 혜화유치원 등의 어린이 및 학생들에게 안전하지 않은 것 같습니다.

감사합니다.",도시재생국 교통행정과,2025-03-14 13:22:16,"1. 안녕하십니까? 귀하께서 신청하신 민원에 대한 검토결과를 다음과 같이 알려드립니다.
2. 귀하의 민원내용은 ‘창경궁로35길 인도 설치 요청’에 관한 것으로 이해됩니다.
3. 민원에 대해 검토한 의견을 다음과 같습니다.
가. 우리 구 창경궁로35길의 도로폭을 확인한 결과, 혜화파출소부터 한양도성혜화동전시안내센터까지 최소 6.5미터 최대 10미터 내외로 확인되었습니다.
나. 귀하께서 말씀하신 창경궁로35길 인도 설치 요청에 대해 다각적으로 검토하였으나 인도(보도)설치시 양측보도(최초 유효보도폭 2.0미터)를 포함한 최소 도로폭 12미터가 필요합니다.
다. 현재 해당도로의 폭이 최대 10미터로 인도설치가 어려우며, 단기적으로 차량속도 감속유도를 위한 교통안전시설물 설치하고, 장기적으로는 관할경찰서 및 관계부서와 현장조사를 통해 차량 및 보행통행량을 분석하여 편측보도 신설등을 검토하도록 하겠습니다.
4. 더 궁금하신 사항은 우리 구 교통행정과(오충원 ☎02-2148-3274)로 문의하여 주시면 성심성의껏 안내해 드리겠습니다. 귀하의 가정에 항상 건강과 행복이 가득하시기를 기원합니다. 끝."
36,GIS를 활용한 자투리땅 주차장 입지 분석·발굴 민원 신청,주○○,2025-02-21 11:15:03,"(1) 주차난 해소를 위해서 공간정보 빅데이터와 지리정보시스템 GIS를 활용해서 자투리땅 주차장 최적 입지를 분석 하고 발굴 해보자는 겁니다

(2) 구도심 특성상 좁은 골목이 많고 노후한 주택가가 많아 주차 환경이 열악 하다는 겁니다

(3) 주차장을 조성할 때 에는 보통 높은 예산이 요구되어 문제가 되며 특히 도심 내에서는 주차장 으로 쓸 수 있는 땅을 찾는 것 자체도 쉽지 않아 주차장 부지 확보에 큰
어려움을 겪습니다

(4) 이를 타개할 방법으로 공공 빅데이터와 GIS를 바탕으로 자투리땅 주차장 최적 입지를 분석하는 것입니다

(5) GIS는 지형과 지물의 속성 위치 경계 등 각종 지리 정보를 활용한 정보 관리 공간 분석 등 기능을 통해 다양한 공공 서비스를 제공 합니다

(6) 기존 자투리땅 주차장 조성은 담당부서에서 직접 발품 팔며 대상지를 물색해 왔지만 GIS를 활용한 부지 발굴은 자료 수집 자료 가공 입지 분석 및 후보지 검증
최종 후보지 선정 순으로 이뤄 집니다

(7) 공간 분석을 위해 공간정보 행정동 경계 불법주정차 단속 위치 등 속성정보 동별 인구 자동차 등록대수 주차장 현황 등 자료를 수집하고 이를 자료 정제 속성정보 공간정보화 분석 단위 통일 등의 방법으로 가공해서 원활한 분석을 준비 하는 겁니다",도시재생국 주차관리과,2025-02-26 15:22:36,"1. 안녕하십니까 귀하께서 신청하신 민원에 대한 검토 결과를 다음과 같이 알려드립니다.

2. 우리구는 주차난을 해소하기 위해 담장허물기 및 자투리땅 주차장 조성을 통한 「내집주차장조성사업」을 진행하고 있으며, 유휴지를 활용한 자투리땅 주차장 조성 수요도 늘어나고 있습니다.

3. 공공데이터를 활용한 「공간정보 빅데이터」와「지리정보시스템(GIS)」활용이 최적의 대상지를 선정하기에 효율적이라는 선생님의 의견에 공감하며 향후 사업 진행에 적극 참고하도록 하겠습니다.

4. 구정 발전을 위해 좋은 의견 주신 귀하께 감사 드리며 추가적인 문의사항이 있으실 경우 종로구 주차관리과 주재형(☎ 02-2148-3343)에게 연락주시면 친절하게 설명해 드리도록 하겠습니다. 감사합니다. 끝."
37,주민센터 내 주차장 이용에 따른 직원 대응 방안 개선 요청,추○○,2025-02-21 10:56:28,"안녕하세요, 저는 종로구 청운동에 거주하는 시민입니다.
다름아니라, 금일(21일, 금요일) 이른 아침(07:00 전후)에 주민센터 내 주차장에 주차한 차량을 출차하는 과정에서 발생한 사안과 관련하여
직원 분의 대응 자세에 대해서 조금만 개선되었으면 하는 바램에서 글을 올립니다.
자세한 내용은 파일을 첨부하오니 업무에 참고하시어, 처리해 주시기 바랍니다.
감사합니다.",청운효자동,2025-02-28 13:38:00,"1. 안녕하십니까? 귀하께서 신청하신 민원(응답소 접수번호: 202502211056282503)에 대한 검토 결과를 다음과 같이 알려드립니다.

2. 귀하의 민원은‘주민센터 주차장 이용 불편 및 직원의 민원 응대 미흡’에 대한 내용으로 판단됩니다. 우선 동주민센터 부설주차장 이용 및 민원 처리 관련해서 불편함을 겪으신 부분에 대해 깊은 사과와 위로의 말씀을 드립니다.

3. 확인 결과 2025. 2. 21. 귀하의 차량 앞에 주차되었던 차량(차량번호 9385)은 직원 소유의 차량으로 해당 직원은 개인 사정으로 연락을 받지 못하였고 휴대폰 확인 후 사무실에 있던 직원에게 차량의 이동을 요청한 것으로 확인되었습니다. 해당 직원에게는 개인 차량 관리 및 연락 수신 등에 철저를 기할 것을 주의 조치하였습니다.

4. 또, 민원 처리 과정 중에 발생한 다른 직원의 미흡한 민원 처리 및 태도에 관해서는 다시 한번 사과의 말씀을 드리며, 주차장 운영 관련하여 향후 동일한 문제가 재발하지 않도록 민원 응대 요령 및 친절하고 올바른 응대 태도에 관하여 전 직원 교육을 실시하였습니다.

5. 비록 흡족하지는 않으시겠지만, 항상 주민들이 안심하고 주민센터를 이용할 수 있도록, 불편 사항에 대해서는 적극적으로 개선하여 주민에게 신뢰받는 주민센터가 되도록 노력하겠습니다. 기타 문의 사항은 청운효자동 추경아 주무관(☏ 2148-5003)에게 연락주시면 성심껏 답변드리겠습니다. 감사합니다. 끝."
38,사고났습니다 몇 년째 방치된 인사동 부서진 보행로 돌 때문에 차가 부셔졌습니다,김○○,2024-06-03 14:53:23,"녕하세요 구청장님

5월31일 금요일 저녁 10시 25분경 인사동 4길 1 사거리에서

좌회전을 하던중 쾅하고 큰 소리와 충격으로 주변 행인들과 상인들이 깜짝 놀람과 동시

운행중이던 차량이 파손되었습니다

야간이라 시야에 확보되지 않는 상황에다 사거리 중앙에서 공사중이였던 상황이라 공사장을 피해 크게 돌아오는 차량을 피해

좌회전을 하던 중 갑자기 오는 충돌과 괴음에 너무 놀라 겁이나서 정차 후

내려보니 원래라면 보행로에 박혀있던 돌이 길에 파손되어 누워있던 돌덩이였습니다

주변 주민과 상인분들이 나오셔서 이 돌덩이 때문에 몇 대에 차들이 사고났는지 모르겠다면서

알고보니 파손되어 부러져 몇 년쨰 방치된 돌덩이였습니다 이런 파손된 돌이 왜 몇 년쨰 방치되어 있는지 이유를 알 수 없으며

인사동 주민분들이 민원을 예전에도 넣었다는데 후속 조치는 이뤄지지 않고

외국 관광객과 시민들에게 서울에서 손 꼽히는 관광지 인사동길에서 이렇게 흉물스럽고 위험하게 파손된 돌덩이를 방치한다는 것은

문제가 많아 보이는 것을 피할 수 없습니다 혹여나 회수에 어려움이 있었더라면

최소한 부러진 돌덩이 주변으로 주의안내 표시가 있어야하지 않을까요

현재 저는 충돌로 인한 몸도 몸이지만 파손된 차량이 운행이 어려워 수리를 피할 수 없어 차 없이 생계에 많은 어려움을 느낍니다

또 저와 같은 피해자가 발생하지 않길 바라며

파손된 시설물을 방치한 종로구청에 공공시설등의 하자로인한 책임으로

파손된 차량에 수리비를 청구합니다",문화환경국 문화과,2024-06-10 19:24:35,"1. 안녕하십니까. 귀하께서 건의해주신 인사동 시설물에 대한 민원 내용에 답변드리겠습니다.

2. 먼저 인사동 내 돌볼라드로 인해 불편을 끼쳐드린 점 죄송하다는 말씀드립니다. 선생님께서 말씀하신 인사동 41 부근 시설물은 철거하였으며, 배상 관련 문의는 유선상으로 안내드렸음을 알려드립니다.

3. 다시한번 불편을 드려 죄송하다는 말씀드리며, 더 궁금하신 사항이 있으시면 종로구 문화과(담당 김하안, ☎02-2148-1803)로 연락주시면 성심껏 답변드리겠습니다. 선생님의 가정에 늘 평안과 행복만 가득하길 기원합니다. 끝."
39,임산부 차량 갈 곳 없는 창신동 비참한 현실,정○○,2024-04-30 17:58:02,"창신동은 온동네가 도시재생이니 재개발이니 하면서 차량만 늘어나고 주차장은 늘어나지 않아 만성 주차난에 시달리는 동네입니다.
충분한 주차장이 공급되지 않음에도 불구하고 최대한 차량 통행에 불편하지 않게 이면도로 주차하는 차량에 불법주차 단속해서 과태료만 열심히 걷어가고 있습니다.

올 가을에 출산하는 임산부가 저희집에 살고 있는데 그 임산부가 타는 차량까지 거의 매일마다 단속을 하여 도저히 버틸 수가 없습니다.
거주자 우선주차구역이요? 한 4번 연속 떨어진 것 같네요.
기타 주차장이요? 창신동에 주차장 몇 개 있는 지, 주민들 수는 얼마인지 제발 관심 좀 가져주십쇼.
차량 통행에 문제도 되지 않고, 실선 등 표시도 없는 이면도로까지 무조건적으로 주차단속을 합니다.

이제 임산부까지 생기니 도저히 못살겠습니다.
주차료 낼테니 주차공간 좀 주십쇼.
그것도 아니면 애 낳을때까지만이라도 이렇게 범법자 취급하면서 달달 볶지 좀 말아주십쇼.
창신8길은 도로 표시 아무것도 없는 이면도로입니다.
소방차도 충분히 지나가게끔 모든 차들이 도로가에 바싹 붙여 겨우 주차합니다.
이런데까지 그렇게 무조건적으로 단속만 해서 될까요? 주차장도 안 만들어주면서요.
만약 시민들한테 충분한 수도, 전기 공급 안시켜주면서 상수도 건들지 마라면 그게 정부고 지자체일까요?
뭔가 충분히 공급해주고 나서 제재를 해야지 이렇게 무식하게 단속만 하면 창신동 주민들이 구청을 지지할 수가 있겠습니까?

제발 이 민원에 대해서 그냥 또 얼렁뚱땅 넘어가지 마시고 창신동에 쌓이고 있는 근본적인 불만을 자세히 파악해 주시기 바랍니다.
주차공간도 확보해주지 않으면서 임산부 차량도 그렇게 계속 단속하면 종로구는 출산 포기한 건가요?
제발 살펴주시기 바랍니다.",안전교통국 주차관리과,2024-05-20 15:35:44,"1. 구정 발전을 위하여 관심을 가져 주시는 선생님께 감사드리며, 『창신동 임산부 차량 주차공간 확보』에 대하여 답변 드리겠습니다.
2. 선생님께서 유선으로 제안해주신 창신동 23-575번지 나대지 주차장 조성은 부지 소유주인 서울주택도시공사와 협의 중에 있습니다. 주차장 조성 협의 및 검토에 기간이 소요되어 추후 결과를 다시 알려드리도록 하겠습니다.
3. 더 궁금하신 사항은 우리구 주차관리과(담당자 정영애, ☏2148-3345)로 연락주시면 성심 성의껏 안내해 드리겠습니다. 다시 한번 구민의 주차 문제 해결과 지역 발전을 위한 선생님의 관심에 깊은 감사를 드리며, 선생님의 가정에 건강과 행복이 늘 함께 하시길 기원합니다. 끝."
40,새문안교회 뒷길 불법주차 개선되지않음,박○○,2024-01-27 16:25:52,"신문로공영주차장,새문안교회뒷문,샤르르샤브샤브가있는 새문안교회뒷길 불법주차
민원 넣은 어플:서울스마트불편신고,안전신문고
민원 넣은주소: 새문안로27길 47
새문안로5길 11-13
당주동 40-4이나 신고어플상 도로명주소로 애매한 주소 선택됨
민원은 매주 일요일 10시~13시 불법주차신고



교회사람들은 불법주차하는사람들만하고
교회는 교인들에게 인근주차장 안내하고 불법주차는 지자체에 민원넣으라함

지자체는 이동명령지시서나 계도를하면 상습차량인지 구분해서 과태료나 견인 할수있는거 아닌가요??
아직까지 그런 시스템은 없는건가요??
같은장소 매주 민원넣어도 개선되지 않으며 오히려 뒤늦게 몰아서처리하는것 같음

1.상식적으로 공영주차장 입구앞에 불법주차신고를 그렇게해도 과태료부과 안하는게 가장 이해안가고
1.서울스마트불편신고앱으로 불법주차신고시 신고할때 찍은 주소로만 단속가는게 구청전달체계 미흡한것같음
1.같은장소 민원신고가많으면 통계내든 해서 개선되는게있어야하는데 아무런 개선없음
1.민원처리 점점늦어짐 1년에 1.2번 과태료는 부과하나 견인구역에서 견인하는모습은본적없으며 대부분 계도조치며 민원넣어도 3시간맞추거나 지나서 가서 대충 답장몰아서보내고 단속한거 보고 신고해도 기처리로 자체종결
1.비슷한도로상황인 공원주변 주황실선 주시경마당 옆은 바로과태료부과 새문안교회만 봐주는 이유가있는지 궁금",안전교통국 주차관리과,2024-02-19 09:03:54,"1. 우리 구정발전을 위하여 협조하여 주시는 선생님께 감사드립니다.

2. 귀하 께서 민원제기 하신 새문안로5길 11-13 주변에 주정차법규위반에 대한 정비요청으로 확인하고 아래와 같이 답변드리겠습니다.

3. 불법주정차 행위는 주차장의 부족 및 주차 요금의 비용을 지불하는 것에 대한 강한 거부감과 운전자 개인의 편의성 추구의 문제로서, 주변 환경에 미치는 영향에 대한 무관심함의 문제이기도 합니다. 우리 구는 이러한 운전자가 우선적으로 교통안전·법규준수 등의 의식 개선이 선행되도록 계도를 우선하는 경우가 있음을 이해해 주시기 바랍니다.

4. 신고 요청 하였던 구간에 대해서는 주차를 금지하는 황색선이 이미 설치되어 있으나 교통법규의 주차 금지를 인식할 수 있도록 현수막을 제작하여 2024.2.9.(금)에 2개소를 설치하였습니다. 그리고 단속반의 회의를 통해 현장 단속조치를 강화하도록 결정하였고, 2.11.(일)에는 주차위반에 대해서 단속을 시행하였습니다.

5. 주정차 신고에 대해서 주차단속 공무원이 민원접수 순으로 현장을 이동하며 조치하여 다소 지연되는 경우 많은 양해를 부탁드리고, 최대한 신속한 처리가 될 수 있도록 하겠습니다.

6. 귀하의 가정에 건강과 행복이 늘 함께 하시길 기원하며, 더 궁금하신 내용은 주차관리과 박하율 주무관에게 (☎02-2148-3373) 연락 주시면 성심껏 답변 드리겠습니다. 끝."
41,인도 위 불법주차 신고에 대한 공무원의 처리결과에 대한 의문점,박○○,2023-10-19 16:11:42,"몇 일전에 인도 위 불법주차 차량에 대한 신고를 하였습니다.
담당 공무원의 경고장 발부 처리결과에 대한 이의를 제기합니다.

이곳은 사람들의 통행이 많은 곳이며,
외국인 유학생 기숙사 있어서 외국인들도 통행을 많이 하는 장소입니다.
특히, 소화전이 설치되어 있는 장소임에도 불구하고,
담당 공무원의 안일한 행정처리에 납득을 할 수가 없습니다.

빠른 답변을 부탁드리겠습니다.",건설교통국 주차관리과,2023-10-30 13:22:37,"1. 우리 구정발전을 위하여 협조하여 주시는 귀하께 감사드립니다.

2. 귀하께서 제기하신 민원내용은 율곡로 189 주정차 차량에 대해 계도 처리한 것에 대한 문의에 관한 것으로 이해되며, 민원에 대한 검토한 결과를 아래와 같이 답변드리겠습니다.

3. 귀하께서 율곡로 189 앞의 주차로 2023.10.17.(화) 16:14 신고주신 민원은 주차단속 공무원이 같은 날 16:50 현장 도착시 해당 차량이 사유지와 도로를 걸쳐 주차한 상태로 차량이 약 1m 정도 전진하여 주차하면 통행에 지장 없게 변경이 될 수 있어, 우선 이동하거나 다른 주차장을 이용하도록 이동명령지시서를 발부한 것으로 확인하였습니다. 그리고 2023.10.17.(화)19:20 현장을 재방문하여 민원지역을 확인한 결과 해당 차량은 없었습니다.

4. 주차단속 공무원은 현장에서 불법주정차에 대해 단속 조치와 주차의 방법을 개선하여
원활한 교통이 이루어 질 수 있도록 운전자에게 통지하는 계도 조치도 하고 있음을 이해해 주시기 바라며, 운전자 개인의 편의성 추구와 무관심한 질서의식에 대한 조치가 필요할 경우에는 즉시 단속으로 단속을 강화하도록 하겠습니다.

5. 더 궁금하신 내용은 종로구 주차관리과 박하율 주무관(☎02-2148-3373)에게 연락주시면 친절히 안내해 드리도록 하겠습니다. 귀하의 가정에 건강과 행복이 함께 하시길 기원 합니다. 감사합니다. 끝."
42,거주자우선주차구역 범위 오차로 인한 불편,박○○,2023-10-10 19:41:53,종로구 거주자우선주차구역 18-1-4 구역 앞에 거주하고 있는주민입니다.주차선이 타구역 길이보다 길게 그어져 대문을 정면에서 꽉 막고 있는 상태입니다. 연로하신 어머님 이동시 휠체어를 사용중인데 기본 구획 길이보다 훨씬 길게 그어진 주차선으로 인해 어려움이 무척 많습니다. 구획선 길이를 확인 후 조정해 주시기 바랍니다.,건설교통국 주차관리과,2023-10-11 17:48:59,"1. 안녕하십니까? 귀하께서 홈페이지를 통해 신청하신 민원에 대한 검토 결과를 다음과 같이 알려드립니다.

2. 귀하의 민원은“거주자우선 주차구획선(18-1-4)을 규정에 맞게 재도색”요청으로 이해됩니다.

3. 해당 구역을 방문해 확인한 결과 평행주차 일반형은 2m × 6m이어야 하나, 실제 세로 길이가 7m 이상인 것을 확인하였고, 금월(2023년 10월) 중 재도색 예정임을 알려드립니다.

4. 답변 내용에 대한 추가 설명이 필요한 경우 종로구 주차관리과 박아름 주무관
(☎02-2148-3343)에게 연락주시면 친절하게 설명하여 드리도록 하겠습니다. 귀하의
가정에 건강과 행복이 함께 하시길 기원합니다. 감사합니다. 끝."
43,원남동 사거리 자전거 거치대 설치 민원,박○○,2023-08-13 03:16:38,"안녕하세요

자전거를 타고 출퇴근중인 종로구민입니다.

종로구는 자전거도로가 잘 조성되어있어 자전거 이용이 편리하지만

원룸, 오피스텔의 경우 자전거를 주차할 장소가 여의치 않고

원남동 사거리 특성상 주변에도 거치대가 없어 자전거 이용이 잘 활성화되지 않고 있다고 생각됩니다.

이에 원남동 사거리 근처 유휴부지를 통해 차양막이 있는 자전거 거치대를 설치하는 것을 건의드립니다.

감사합니다.",건설교통국 교통행정과,2023-08-22 16:20:32,"1. 안녕하십니까? 우리구 교통시설물에 관심을 가지고 소중한 의견주셔서 감사드립니다.
상담민원을 통해 요청하신 민원에 대하여 답변드리겠습니다.

2. 선생님께서는 자전거 이용자의 편의 및 이용활성화를 위해 원남동사거리 인근 자전거 거치대 설치를 요청하신것으로 이해됩니다. 현재 해당 장소 인근에 자전거 거치대가 없어 설치를 적극 검토해 보도록 하겠습니다. 다만 거치대 공간 확보, 유효보도폭 확보 등 설치여건에 따라 차양막 설치는 어려울 수 있으며, 관내 시설물 설치 절차에 따라 다소 시일이 소요되는 점 너그러이 양해해 주시길 부탁드립니다.

3. 지역교통 발전을 위해 좋은 의견 주셔서 감사드리며, 더 궁금하신 사항은 종로구 교통행정과(☎02-2148-3277, 박현정)로 연락주시기 바랍니다. 감사합니다. 끝."
44,바퀴벌레가 많아도 너무많아 괴롭습니다 강력한 방역부탁드립니다.,장○○,2023-05-18 10:56:36,"안녕하세요. 항상 고생이 많으십니다.
저는 작년에 직장을 위해 이사온 자취생입니다.

작년에 저는 33년 인생 처음으로 그냥 바퀴벌레도 아니고 엄지 손가락만한 크기의 바퀴벌레를 보았는데,
이사온 이래 하루도 빠짐없이 바퀴벌레와 마주쳤고, 집에 들어가기전 항상 마음의 준비를 하고 들어가야할 만큼 극심한 공포속에서 살아가고 있습니다.
종로구에 이사온 이래로 집이라는 공간은 저에게 더 이상 안정과 쉼을 취할수 있는 공간이 아닌, 바퀴벌레를 마주칠수 밖에 없는 마주쳐야만 하는, 항상 손에 약을 들고 바퀴벌레와의 싸움을 준비해야 하는 알수없는 불안으로 가득찬 공간이 되었습니다.

태어나서 바퀴벌레 안마주쳐본 사람은 없다지만 종로구로 이사 온 후 매일 1~2마리씩 몇십마리의 시체를 치우고 청소하고 약치고 그러고 삽니다. 매일 출근하려고 문열기가 무섭습니다. 퇴근후 집안에도 있을까봐 무섭습니다. 자면서도 스트레스 받아가며 살고 있습니다.

전 사람이 집을 얼마나 더럽게 썼으면 이러나 싶어서 집안에 업체 불러서 약도 치고, 전문 방역업체까지 불러봤습니다. 작년 여름에만 방역업체를 5번 이상을 불렀습니다. 하지만 전문 바퀴벌레 방역업체에서는 이런 큰 바퀴벌레는 절대로 집에서 서식하는 바퀴벌레가 아니며, 밖에서 침투해오는 바퀴벌레라고 하였습니다. 오죽하면 방역업체측에서도 본인들이 할 수 있는 범위를 넘었다며 저희집은 방문하고서는 방역업체라는 전문가의 입장으로 이제는 자존심의 문제라며 돈을 얼마를 줘도 더 이상은 방문할수 없다고 합니다..

작년에 바퀴벌레와 그렇게 전쟁을 치르고나서, 제발 올해는 무탈하길,, 하면서 이번년도 봄을 맞았는데 역시나 아니나 다를까 제 집 문앞까지 바퀴벌레가 들이닥쳤고, 공동 건물 및 현관에는 바퀴벌레 시체가 잠만 자고 일어나면 이곳저곳 널려있고 시체로 넘쳐납니다… 매일 아침 현관문 열때마다 1~2마리씩 마주하고 그 시체를 치우고 출근을 시작합니다. 정말 스트레스 받아서 못살겠습니다.

지난번 주말에는 아침에 문을 열었는데 집문 바로 앞에 엄지 손가락만한 크기의 바퀴벌레가 떡하니 지키고 있고, 심지어 저는 처음에 발견하지 못하고 그대로 신발로 밟아버렸습니다… 그리고 그대로 얼어서 왼쪽 위를 쳐다보니 더 커다란 바퀴벌레가 위협적으로 돌아다니고 있어서 바퀴벌레를 밟은 상태로 매우 충격을 받고 그대로 얼어 소리만 질렀습니다. 저는 그날 그 충격적인 상황이 트라우마가 되어 하루종일 속이 좋지 않아 밥조차 먹지못하고, 지금까지도 두통에 시달립니다.

현재 이러한 상황을 종합해봤을 때, 방역 전문업체도 각 가정에서 나온다는 바퀴벌레들은 모두 외부에서 유입되는 것이고 가정차원의 방제는 불가능에 가까우며, 이것은 구청단위에서 대규모 방제를 해주셔야 할 것 같습니다. 구청단위의 방제가 없어서는 답도 없이 여름에 살기 싫은 동네가 될 것 같습니다. 제발 투자 해주셔서 이번 여름에는 바퀴벌레가 “없는”건 바라지도 않고 “적은” 동네에서 살고 싶습니다. 왠만해서 고작 벌레 몇 마리? 가지고 이런 민원 작성하지 않습니다. 정말 많아도 너무 많습니다.

제가 말씀드리는 부분은 저희집에 바퀴벌레좀 안나오게 해달라는게 아닙니다. 동네가 얼마나 더러우면 바퀴벌레가 이렇게나 많습니까. 종로구 연건동 인근 주거지역내 방역좀 간곡히 부탁드립니다. 제발 부탁드립니다. 전 종로구가 좋습니다. 이곳에서 살고 싶습니다.
바퀴벌레가 더이상 번식하지 않도록 강력한 방역 요청드립니다.",보건소 의약과,2023-05-22 11:23:04,"1. 구정 발전을 위해 힘써주시는 귀하께 감사드립니다.
2. 귀하의 해충구제 민원사항에 대하여 보건소 방역반이 현장 방문하여 주변 하수시설 및 정화조를 중심으로 모기, 바퀴벌레 등 위생해충 방제작업을 실시하였습니다.
3. 향후에도 이와같은 상황 발생시 02-2148-3758(담당:장경호)로 전화주시면 현장방문해 불편사항을 처리하도록 하겠습니다. 끝."
45,어린이집 앞 주정차 차량으로 인한 아이들의 안전과 건강 위협 조치,송○○,2023-05-12 09:41:54,"귀하의 노고와 배려에 늘 감사드립니다.
저희 어린이집은 창덕궁 후문 바로 앞에 위치해 있습니다. 그래서 하루종일 많은 대형 관광차량들이 어린이집앞을 가로막고 있습니다. 이러한 차량들로 인해 어린 아기들이 등.하원 및 실외 산책을 갈 때에는 시야확보가 되지 않아 통행하는 차량들을 피하기 어렵고, 그 차량들이 내뿜는 매연이 고스란히 어린이집 내부로 들어와 아이들에게 심각한 영향을 끼치고 있습니다.
큰 차량들이 줄지어 있는 사이를 통과해 아이들이 어린이집으로 들어오거나 산책을 가야 하는 상황이며 그 차량들이 후진 등의 이동을 하게 될 때 키가 작은 아이들은 운전자의 시야에 포함되지 않아 매우 위험한 상황이 발생하곤 합니다.
이곳은 공회전 제한 지역이기도 하지만, 이를 단속할 인력이 턱없이 부족하여 단속이 되지 않고 있으며, 45인승 차량 주.정차 제한이라는 표지판은 있으나 그것을 지키는 차량들도 없습니다.
어린이집 바닥이 어린이집 보호구역이라는 붉은 색으로 처리되어 있지만 이를 지키는 사람들도 없고 도리어 주정차 및 공회전 제한을 기사들에게 이야기 하면 그럼 어디에 주차하냐라는 답변과 함께 언성이 높아지는 일이 다반사 입니다.
따라서 아이들의 안전과 건강을 위해 어린이집 앞에 주정차 단속 CCTV 설치와 단속 인력 확보, 주정차 금지 표지판 설치를 건의합니다. 수차례 민원 제기를 하였으나 해당 부서 모두 하는 수 없다라는 답변만 들었고 그 사이 우리 아이들은 매일 안전과 건강을 위협받고 있으며 이를 두고볼 수 없어 다시한번 민원을 제기합니다. 민원이 받아들여지지 않거나 조치가 미흡할 경우, 종로구청장 면담 요청을 진행할 생각입니다.
부디 적절한 조치를 해 주시기를 간곡히 부탁드립니다.",건설교통국 주차관리과,2023-05-12 17:49:40,"1. 우리 구정발전을 위하여 협조하여 주시는 선생님께 감사드립니다.
2. 선생님께서 요청하신 창덕궁길 19 다솜어린이집 주변 불법주정차 단속용 CCTV의 설치를 요청하신 건에 대하여 다음과 같이 답변 드리겠습니다.
3. 불법주정차 단속용 CCTV 설치를 요청하신 구간에 대하여는 현장 타당성 검토 결과 제기하신 민원 내용을 반영하여 차량 단속용 CCTV를 설치하고자 하며, 불법주정차 문제 발생 시 서울스마트 불편시고 앱 및 단속요청 전화(2-2148-3374~5)를 통하여 신고하여 주시면 즉시 처리하도록 하겠습니다.
4. 선생님 가정에 건강과 행복이 늘 함께 하시길 기원하며, 더 궁굼하신 내용은 전화 (02-2148-3372) 주시면 성심껏 답변 드리겠습니다. 끝."
46,청와대 현수막 불량 개선시급 합니다,김○○,2023-03-29 14:40:15,"청와대 앞 불법 주,정차 집중 단속 현수막 상태가 너무 지저분하고 보기가 안좋습니다
청와대 관람으로 인해 많이 노출되는 도로인데, 개선이 시급합니다 ㅠ",안전환경국 도시경관과,2023-03-31 11:08:26,"1. 우리 구정 발전을 위해 항상 관심을 가져 주심에 깊은 감사의 말씀을 드리며, 선생님께서 제기하신 민원에 대하여 아래와 같이 답변드립니다.
가. 민원요지
- 청와대 인근 현수막 정비 요청
나. 답변내용
- 현장 출장하여 해당 광고물을 정비 완료하였음을 알려드리며, 앞으로도 지속적인 순찰과 단속을 통해 환경정비에 만전을 기하도록 하겠습니다.
2. 다시 한 번 소중한 신고에 감사드리며, 기타 궁금하신 사항은 종로구청 도시경관과(담당: 김은경 ☎ 2148-2752)로 연락주시면 정성껏 안내하여 드리겠습니다.

붙임 현장사진 1부. 끝.

※ 첨부파일 :
IMG_4100.JPG"
47,빈티지샵 성곽길 도로 장기 무단점거,임○○,2023-02-21 15:00:24,"성곽길에 HOLLY WOOD라는 빈티지 가게가 있는데,

해당 점포가 성곽길 도로의 많은 영역을 지속적으로 불법점거 하고 있습니다.

사용하지 않고 장식용으로만 갖다놓은 듯한 버스는 당연하다는 듯이 도로 한 켠을 차지한지 오래고

그것도 모자라 최근에는 온갖 목재들이 그 옆을 가득 차지하고, 트럭까지 동원해 그 양을 늘려가는 상황입니다.

쓰레기와 폐자재도 근처에 마구 나뒹굴고 있구요. 또한 매일 도로에서 목공작업을 하는데 소음과 먼지 등 공해도 심합니다.

그리고 성곽길은 지정주차 구역은 아니지만 인근 거주민들이 암묵적으로 선점한 사람이 주차를 하는 곳이기도 한데

마치 자기 땅이라도 되는 듯이 파라솔과 화분 등 온갖 잡동사니를 펼쳐놓고

다른 차량이 주차할 수 없도록 이기적인 행위를 일삼고 있습니다.

지금 해당 점포는 건물 용평률의 버금가는 면적으로 지속적으로 도로를 점거하고 있으며, 통행과 미관에 악영향을 끼치는 중입니다.

앞서 언급한 버스를 비롯 파라솔, 목재, 목재를 실은 트럭, 화분 등 도로를 점거하고 있는 모든 물품의 철거를 요청드리는 바이며,

가게 밖에서 진행되는 목공작업도 행인과 통행 차량의 안전을 위해 막아주시기 바랍니다.

불이행시 해당 점포의 영업정지와 벌금으로 처벌을 내려주십시오.

성곽길은 하루에도 수많은 외국인 관광객이 다녀가는 서울의 역사적인 장소입니다.

국익을 위해서도 적극적인 조치 부탁드리겠습니다.",건설교통국 건설관리과,2023-02-24 18:02:25,"1. 안녕하십니까? 선생님께서 안전신문고를 통해 신청하신 민원에 대한 처리 결과를
다음과 같이 알려 드립니다.
2. 선생님의 민원내용은 낙산성곽서길 101 앞 도로적치물 정비요청에 관한 것으로 이해됩니다.
3. 먼저 해당 적치물로 인해 불편을 드린 점에 대해 죄송한 말씀을 드리며 선생님의
민원사항에 대해 처리한 내용은 다음과 같습니다.
가. 현장을 방문하여 계고장을 부착하고 부재중인 영업주와 통화하여 주말동안 적치된
집기류 등을 정비할 것을 지도 조치하였으며, 앞으로도 지속적으로 순찰, 확인
하여 단속, 정비할 것임을 알려드립니다.
나. 선생님의 소중한 의견 감사드리며, 더 나은 종로 보행환경을 만들기 위해 최선을
다 하겠습니다.
4. 답변에 대한 추가 설명이 필요한 경우 건설관리과 임건우 주무관(☎02-2148-3146)
에게 연락주시면 친절히 안내해 드리도록 하겠습니다. 감사합니다. 끝.

※ 첨부파일 :
KakaoTalk_20230223_101033600_04.jpg
KakaoTalk_20230223_101033600_02.jpg"
48,대학로 길거리 커피숍 이동표지판 철거요망,임○○,2022-12-26 10:48:45,서울시 종로구 대학로12길 70 커피숍앞에 이동표지판으로 유동인구와 차가 많은거리인데 사람보행시 차량이동시 많은 불편함을 겪고있습니다 앞에 주차장도있고 영업에도 많은 불편함들을 겪고있으니 꼭 처리 부탁드립니다,건설교통국 건설관리과,2022-12-30 15:18:31,"1. 안녕하십니까? 선생님께서 안전신문고를 통해 신청하신 민원에 대한 처리 결과를 다음과 같이 알려 드립니다.
2. 선생님의 민원내용은 대학로 12길 69 앞 도로적치물 정비요청에 관한 것으로 이해됩니다.
3. 먼저 해당 적치물로 인해 불편을 드린 점에 대해 죄송한 말씀을 드리며 선생님의
민원사항에 대해 처리한 내용은 다음과 같습니다.
가. 현장을 방문하여 영업주에게 정비할 것을 강력하게 지도 조치하였으며,
앞으로도 지속적으로 순찰, 확인하여 단속, 정비할 것임을 알려드립니다.
나. 선생님의 소중한 의견 감사드리며, 더 나은 종로 보행환경을 만들기 위해 최선을 다 하겠습니다.
4. 답변에 대한 추가 설명이 필요한 경우 건설관리과 임건우 주무관(☎02-2148-3146) 에게 연락주시면 친절히 안내해 드리도록 하겠습니다. 감사합니다. 끝.

※ 첨부파일 :
KakaoTalk_20221227_151634031_02.jpg
KakaoTalk_20221227_151634031_01.jpg"
49,집 앞 도로 침하,박○○,2022-10-10 21:22:40,"집 앞 도로의 내부가 폭우로 침수되어 싱크홀처럼 안이 텅 비어 있습니다.
도로 상판이 깨지면서 최근, 내부를 확인할 수 있었습니다.
해당 도로는 상명초~대학교 학생과 일반인이 다니는 주 도로이며, 자동차가 주차하기 위하여 지나다니는 길입니다.",건설교통국 도로과,2022-10-24 17:50:59,"1. 안녕하십니까? 종로구청 도로과입니다.
2. 평소 구정 발전을 위하여 관심과 노력을 기울여 주시는 선생님께 감사드리며, 선생님께서 건의하신 홍지동 59 부근 도로파손 정비 요청 건은 현장 확인 후 보수하였음을 알려드립니다.
3. 다시 한번 구정 발전을 위하여 많은 관심과 의견 주셔서 감사드리며, 더 궁금하신 사항은 종로구청 도로과(담당 박수정, ☎2148-3174)로 연락 주시면 성심껏 답변 드리겠습니다. 감사합니다. 끝."
50,이륜차 주차장 공지,이○○,2022-09-01 16:11:49,"종로구 종로57길
위의 위치에 이륜차 주차구역이 있습니다.
하지만 아무리 검색해도 다른지역 주차구역을 알수없네요
이륜차전용 주차장이나 주차구역을 알수있는 정보를 요청합니다.
이륜차 불법주차 단절을 위해서도 이러한 공간 증설과 쉬운 정보검색이 가능했으면 좋겠습니다.",건설교통국 주차관리과,2022-09-13 11:11:45,"1. 안녕하십니까? 구정업무에 관심을 가져 주신 귀하께 감사의 말씀드리며 민원 접수 건에 대하여 다음과 같이 답변드립니다.

2. 이륜차 주차구역에 대한 위치 안내는 서울시주차정보안내시스템(http:parking.seoul.go.kr) 사이트를 참고하시면 확인하실 수 있습니다.

3. 소중한 신고에 감사드리며, 더 궁금하신 사항은 주차관리과 이혜선 주무관(02-2148-3335)에게 문의하여 주시면 성심껏 안내해 드리겠습니다. 감사합니다. 끝."
51,버스정류소 이전요청_승가사입구(01154),김○○,2022-06-23 12:34:00,"안녕하세요
올해 초 종로구 구기동으로 이사 온 종로구 구민입니다
다름이 아니라
종로구 구기동 승가사입구(01154) 버스 정류소를 이전 또는 폐쇄 요청 드립니다

현재 쌍용플래티넘 종로구기동 거주중인데 숭가사입구(01154) 버스정류소에서 정차후 출발시 소음과 먼지가 너무 발생하여 창문을 열고 생활을 할수가 없습니다
또한 회차를 하다보니 버스 한대가 지나가면 2대가 지나가서 소음과 먼지가 두배가됩니다
승가사입구(01154) 버스정류소 이용 인원이 저조하고, 하비에르국제 학교 아이들이 이용하기엔 거리가 멀어서 불편합니다

2가지로 고민하였으며 검토 부탁드립니다

1번 -- 하비에르 국제학교 정문쪽 두소식당 앞쪽으로 이전요청

2번 -- 7812,7730번 버스가 구기동으로 진입하여 전주풍납학사에서 회차를 하여 승가가사입구(01148)에 정차를 하기에
승가사입구(01154)정류소를 패쇄를 하고 맞은편 승가가사입구(01148)로 통합이용 요청",건설교통국 교통행정과,2022-06-30 11:34:36,"1. 평소 구정 발전에 깊은 관심과 애정을 보여주시는 귀하께 감사드립니다.
2. 귀하께서 요청하신 구기동 승가사입구 정류소(ID: 01-154) 이전 또는 폐지문제에 대해 답변 드리겠습니다.

정류소 이전 및 폐지에 대한 사항은「서울시 가로변 시내버스정류소 설치 및 운영지침」(2017.10.)에 따라 추진되어야 하고, 서울시 승인을 받아야하므로 2가지 사항에 대한 검토를 지침에 따라 말씀드리겠습니다.

가. 하비에르 국제학교 정문쪽 두소식당 앞쪽으로 이전요청에 대한 검토
→‘이전시 전후 정류소간격이 200M 이내인 경우는 버스운행의 효율성,정시성 및 경제성을 위하여 설치하지않는 것을 원칙으로 한다.’또한‘건물 및 이면도로 진출입구는 설치하지 않는다.’라고 되어 있어 이전은 어려움이 있습니다.
나. 7730,7212번 버스가 구기동 진입하여 전주풍납학사에서 회차를 하여 승가사입구(01148)에 정차하기에 승가사입구(01154)정류소를 폐쇄를 하고 맞은편 승가사입구(01148)로 통합이용 요청에 대한 검토
→ 정류소 폐쇄는 일평균 100명 미만일 경우로 되어 있으나 5월 승가사 정류소 이용 일평균 130여명이며, 전주풍납학사에서 회차시 2~3분 정차 시간이 있어 다음정류소인 승가사입구(01148) 정류소 이용시 대기시간이 생겨 이용승객들의 불편이 예상됩니다.

다만, 운수업체(보광운수, 선진운수)에서는 소음과 먼지 발생을 가급적 줄일 수 있는 저상전기버스가 점차적으로 도입된다고 하고, 우리구 환경과에 소음과 먼지에 대한 단속을 하도록 요청하겠습니다.

3. 귀하의 의견에 깊은 감사를 드리며, 기타 자세한 사항은 종로구 교통행정과 ☎02-2148-3262로 연락하여 주시기 바랍니다. 끝."
52,거주자우선주차구역해제요청,박○○,2022-06-17 11:11:59,"본 건물 주소지 앞 거주자우선주차구역 (18-1-3, 18-1-4) 해제를 요청합니다
유선상으로 신청한 바 있으나 9월까지는 기존 주차차량의 기간이 남아 있어 바로 해제가 안된다는 답변을
받았습니다. 여러 사정을 이해 못하는건 아니지만 전혀 바람이 통하지 못하게 창문앞을 가로막은 차량때문에더운 여름이 다 지나갈때까지 참고 있으라는건 엄청난 모순이라 여겨집니다
또한 연로하신 어머님 이동시 휠체어를 움직여야 되는데 대문 바로앞에 그어진 주차구획으로 인해 큰 어려움을 겪고 있습니다. 시민 불편은 아랑곳 않은채 주차비 징수에만 심혈을 기울이는 행정이 올바른것인지 헤아려 주시고 빠른 시일내에 주차구획선 해제를 요청합니다",건설교통국 주차관리과,2022-06-27 13:33:41,"1. 구정발전에 관심 가져주시는 선생님께 감사드리며, 신청하신 민원사항에 대하여 답변 드리겠습니다.
2. 거주자우선주차장으로 불편을 드려 심심한 위로의 말씀을 올리며 거주자우선주차 제도는 종로구의 주차수요를 조금이나마 해결하고자 운영하고 있는 것으로 2022년 상반기 운영기간은 9월까지 예정되어 있습니다.
3. 현장확인 후 삭선검토를 하였으나 해당 주차구역은 인도를 사이에 두고 도로에 설치되어 사람이 통행하기에 불편함이 없어 지속적으로 유지하는 것이 타당하다고 판단되오며 주차요금과 관련 하여서는 거주자 우선주차장을 운영하기 위해 사용료 (월 5만원)를 부과하는 것이지 수익을 목적으로 하는 것이 아님을 이해하여 주시기 바랍니다.
4. 선생님의 가정에 행복이 가득하길 바라며 추가로 문의사항이 있으실 경우 주차관리과(☎2148-3334)로 연락주시면 성심껏 답변 드리겠습니다. 끝."
53,주차단속 과태료 부과 기준이 공무원 마음대로입니까?,박○○,2022-03-02 01:03:00,"과태료 부과 기준이 어떻게 되는건가요? 그날 단속요원 마음대로 계도 조치할지 과태료 부과할지 정하는건가요?

해당위치는 종로39길 45 오피스텔 앞이며 2022.2.27. 일요일 13시경 입니다.

종로39길 일대는 일방통행길이며 주택가에 있는 이면도로입니다.

해당 구역은 주정차 금지 표지판 및 견인조치 표지판도 없습니다.

주말에는 cctv 주차단속구간조차 주차단속을 완화 해주는 것으로 알고 있습니다.

아래 사항에 대해 명확하게 답해주시길 바랍니다.

1. 종로39길 45는 이면도로인 곳이며 일요일에 계도조치 없이 주차단속 과태료 부과 딱지 끊는 것이 옳은 처사인가요?

2. 해당 건과 관련하여 왜 계도조치 없이 과태료 부과했냐고 주차관리과에 문의해보니 담당공무원이 현장에 나가 판단하고 과태료를 부과할지 계도할지 정한다고 하더군요. 그럼 매일 바뀌는 주차단속 근무자 마음대로 정하는 건가요? 2.27. 일요일 13시 계도조치 없이 과태료 부과한 명확한 근거를 말해주세요.

3. 앞으로 종로39길 일대는 이면도로이지만 신고가 들어오면 계도 조치 없이 과태료 부과할건가요? 답변해주시길 바랍니다.",건설교통국 주차관리과,2022-03-10 17:33:39,"1. 우리 구정발전을 위하여 협조하여 주시는 선생님께 감사드립니다.

2. 도로는 통행 목적으로 사용되는 장소로서 도로교통법 제32조와 제33조에서 주정차를 금지하는 장소를 지정하고 있으며 법 제34조 시행령 제11조(정차 또는 주차의 방법) 제2항에서 정차나 주차할 때에는 다른 교통에 방해가 되지 않도록 규정하고 있습니다.

3. 그리고 단속시에는 시행규칙의 별지 제3호 및 제158호 서식의 과태료부과 대사차표지를 부착합니다. 다만, 각 지방자치단체나 경찰서에서 자발적인 주차질서를 유도하고자 지도장 및 경고장 등을 제작하여 사용하고 우리 구는 원활한 차량 소통과 주차단속의 민원을 알리는 계도문을 사용하고 있습니다.
그러나, 주정차위반에 대해서는 단속 대상입니다.

4. 종로39길45에 대한 주정차 민원은 2월1일부터 27일까지 59건이 접수되었고 43회 계도와 16회 단속을 하였습니다. 하지만, 현장에 대해서 간곡한 사정의 불편을 제기하는 민원이 지속적으로 유지되고 있음을 양지하여 주시기 바랍니다.

5. 선생님 가정에 건강과 행복이 늘 함께 하시길 기원하며, 더 궁금하신 내용은 전화 (02-2148-3373) 주시면 성심껏 답변 드리겠습니다. 끝."
54,부암동 무계원 공영주차장 완공시기가 궁급합니다.,김○○,2022-01-17 09:58:29,"부암동 거주민입니다.

무계원 공영주차장 건립으로 동네 주차난이 해소되길 바라고 있습니다.

당초 21년 12월 준공 예정이라고 들었던 것 같은데,
22년 상반기 거주자 우선 주차 신청시기가 도래한 지금까지
아직 소식이 없어서요.

현재 진행사항과 완공 시기가 궁금합니다.",건설교통국 주차관리과,2022-01-18 14:14:15,"1. 구정에 많은 관심가져주시는 김00님께 깊은 감사의 말씀을 드립니다.
2. 김00님께서 건의하신 ‘부암동 무계원 남측 공영주차장 및 문화시설 건설사업’의 준공기간에 대하여 다음과 같이 답변드립니다.
3. 상기 공사는 당초 2021.12. 준공예정이었으나, 동절기로 인한 습식공사 불가 등의 사유로 인해 현재 2022.03.31.로 준공기한이 연기되었습니다.
4. 미리 공사일정을 안내해드리지 못해 불편을 드린 점 죄송하게 생각하오며 최대한 신속히 공사가 준공될 수 있도록 최선을 다하겠습니다. 감사합니다."
55,주차장 입구 계단 철거 요청의 건,권○○,2021-07-08 14:18:07,"현재 동 주소 스카이빌 남쪽 측면 경사로에 보행 편의를 위해 설치(시공) 된 계단이 스카이빌 주차장 진입을 원천적으로 막고 있어서 최소한 3~4대의 주차가 가능한 지하 1층 주차장을 전혀 사용치 못하는 실정인바 조속한 현장실사 후 주차장 진입 진출을 막고 있는 부분의 계단을 원천 철거해 줄 것을 요청드립니다.

그간 우리 스카이빌 주민들은 주차공간의 부족함을 최대한 감수하면서 지하2층 주차장만을 사용하였으나 최근 들어 주차공간 부족으로 주민간 갈등을 겪는 일까지 빈번히 일어나고 있는 실정이어서 더 이상 계단을 존치로 인한 불편을 감래하기 어려운 지경에 이른 것입니다.

본 민원이 조속한 시일내에 받아들여지기리를 바라며 빠를 회신 부탁드립니다.",건설교통국 도로과,2021-07-16 10:15:11,"1. 안녕하십니까? 종로구청 도로과입니다.
2. 평소 구정 발전을 위하여 관심과 노력을 기울여 주시는 선생님께 감사드리며, 선생님께서 건의하신 주차장 입구 앞 계단 철거를 요청하신 사항에 대하여 답변드리겠습니다.
3. 위의 주차장 입구 도로는 급경사 구간으로 지역 주민들의 보행자 등을 위하여 계단이 조성되어 있는 지역으로서 기존의 계단을 이용하는 주민들이 불편하지 않도록 적정한 계단폭을 검토하고 7월 말까지 정비할 예정임을 알려드리오니 널리 양해하여 주시기 바랍니다.
5. 다시 한번 구정 발전을 위하여 많은 관심과 의견 주셔서 감사드리며, 더 궁금하신 사항은 종로구청 도로과(담당 권용재, ☎2148-3172)로 연락 주시면 성심껏 답변 드리겠습니다. 감사합니다. 끝."
56,[수정제안],김○○,2021-06-25 12:18:52,"성실한 답변 감사합니다.

마을버스 종로13번 노선의 북악팔각정까지의 연장이 기존 노선 길이의 50를 초과하여 불가하다는 점 이해했습니다.
그렇다면 기존 노선 길이 50를 초과하지 않도록,
북악팔각정까지가 아닌 군부대 앞이나, 북악산 탐방로 3번 출입구 주차장까지만으로라도 해주신다면 어떨까요?
물론 탐방로 출입구는 오후 5시면 문을 닫기 때문에, 군부대 앞에서 유턴하여 돌아갈 수 있도록만 해주시면 주민들의
불편이 해소될 것 같습니다.

북악산 탐방로도 창의문 쪽 진입구는 폐쇄되어 군부대 앞 구름다리 끝의 2번 출입구까지 걸어 올라와
많은 등반객들이 방문하므로 마을버스 업체의 수익도 많이 늘어나리라 생각됩니다.

마을버스 운수업체의 적자 해소 및 부암동 고지대 주민들의 불편도 해소할 수 있는 적극적 행정이라 판된됩니다.
수정 제안한 민원에 대하여 다시 한 번 재고 부탁드립니다.",건설교통국 교통행정과,2021-06-30 13:09:00,"선생님께서 수정제안 해주신 ‘종로13번 마을버스의 백석동길로의 노선 연장’에 대하여 답변드립니다.

말씀하신 종로13번 노선의 연장건에 대하여 마을버스 운수업체에 재차 요청하였으나 현재 운행시간이 50분인 노선이 연장되려면 운수종사자 추가 투입과 차량의 증차가 선행되어야 하며 이는 누적된 경영 적자와 현 코로나19 상황에서는 불가하다는 입장입니다.

선생님의 의견을 적극 반영할 수 없음을 안타깝게 생각하며 다시한번 관심과 애정을 보여주셔서 감사드립니다. 기타 자세한 사항은 종로구 교통행정과 ☎2148-3262로 연락하여 주시면 성심껏 답변드리겠습니다. 끝."
57,종로13번 마을버스의 백석동길로의 노선 연장,김○○,2021-06-21 14:39:37,"부암동 백석동길 주민입니다.
이곳은, 아래로는 하림각 맞은편 경사로로 올라가거나, 자하문 터널 위 북악스카이웨이 옆길로 올라가야 하는 동네입니다.
수 년 전 마을버스가 북악스카이웨이길로 올라와서 동네 진입로에 있는 군부대 앞에서 서고, 북악팔각정까지 올라갔다 내려오는 코스가 있었는데, 노선버스와의 분쟁과 군부대 측의 반대, 북악팔각정의 장기 휴업으로 노선이 폐지되었습니다.

저희 동네는
1. 노령 인구가 많은 오래된 동네로서, 경사진 언덕에 위치해 있어 대중교통을 타기 위한 이동이 매우 어려우며,
2. 백석동천을 찾는 시민들과 최근 개방된 북악산성곽길 등반객과, 명소인 산모퉁이 카페를 찾는 손님들로 불법주차가 횡행하여 주민불편이 잦고,
3. 자가용으로 마을을 진입하기 위해 군부대 앞으로 24시간 차량이 수시로 통행하고 있어 군부대가 반대할 명분이 없으며,
3. 남녀노소가 많이 찾는 부암동 명소인 북악팔각정의 접근이 어려운 점이 있습니다.

종로13번 버스 노선이 경복궁역으로의 연장이 아닌, 부암동 고지대 쪽으로 연장 부활된다면,
마을버스의 적자도 해소되고, 노선버스와의 수익에도 마찰이 생기지 않으며,
부암동 고지대 주민의 불편이 해소되며,
방문객들의 상습적인 불법 주차 및 정체에 대한 해결책이 될 것이며,
북악팔각정으로의 접근도 용이해져,
부암동을 방문하는 시민들로부터 많은 사랑을 받게 될 것이고,
걷기 좋은 동네로서 문화 유적이 많은 종로구의 친환경 정책에도 부합되리라 믿습니다.

기존 평창동 주민센터에서 부암동 주민센터까지만 운행되는 노선을
부암동 고지대 진입 군부대 입구 정류장과 북악팔각정까지로 연장하여,
주민들의 오랜 숙원을 해결해주시면 감사하겠습니다.",건설교통국 교통행정과,2021-06-24 18:09:01,"구정발전에 관심과 애정을 보여주셔서 감사드리며 ‘종로13번 마을버스의 백석동길로의 노선 연장’에 대하여 답변드립니다.

말씀하신 북악 팔각정을 운행하던 마을버스 운수업체는 2006년 3월에 운영적자 누적으로 노선을 폐지하였습니다. 이후 우리 구에서는 이 지역의 교통 개선을 위해 마을버스 종로13번 노선의 북악 팔각정까지 연장을 추진한바 있으나 전체 운행거리가 7.5km로 요청하신 연장구간(부암동에서 북악팔각정)의 거리인 6.2km(운행거리의 50퍼센터를 초과)입니다. 이는 「서울특별시 여객자동차운수사업법 시행규칙」 제32조(노선 및 운행계통을 연장하려는 경우에 그 연장거리는 기존 운행계통의 50퍼센트 이하로 해야 한다) 규정에 맞지 않아 추진할 수 없었으며 또한 운수업체에서 수익성이 없는 노선 연장은 불가하다는 입장이어서 안타깝게 생각합니다.

다시한번 관심과 애정을 보여주셔서 감사드리며 기타 자세한 사항은 종로구 교통행정과 ☎2148-3262로 연락하여 주시면 성심껏 답변드리겠습니다. 끝."
58,평창동주민센터 전기차 충전단자에 충전 케이블 설치 요청,최○○,2021-04-29 12:57:34,"수고많으십니다.
지난달부터 전기차를 운행하고 있습니다.
공공시설에서 전기차 충전 시설을 물색하다가 평창동 주민센터 주차장 앞에도 AC완속기 충전단자 1대가 설치되어 있는 것을 확인후,
충전을 시도하려고 했으나, 충전 케이블이 없는 관계로 충전을 하지 못했습니다.

평창동 주민센터의 해당 업무 담당자께도 유선 문의드렸으나, 단말기는 있으나 케이블은 없으니 개인이 케이블을 지참해서 사용해야 한다는 답변이였고, 당분간 케이블 구비를 할 계획도 없다는 답변을 들었는데요...
요즘 종로구 관할내 주민센터에는 기본적으로 충전 케이블이 함께 구비되어 주민이 케이블을 번거롭게 가지고 다녀야할 일이 없습니다.
케이블이 없는 곳은 평창동이 유일무이하며 케이블을 개인보고 구매하여 직접 준비해야 한다는 어이없는 답변에 답답함을 토로하며 이의 신청합니다. 종로구청종로구 소방서부암동 주민센터종로구 보건소교남동 주민센터가회동 주민센터 등등 전기차 충전을 위한 케이블이 구비되어 있는 상황입니다.
평창동 주민센터에 설치된 전기차 충전단자는 주민센터에서만 관용차 충전 목적으로만 사용하시는 것인지 확인 부탁드립니다.
주민들에게 사용을 허가하지 않으며 관용차 충전용도로만 사용하시려고 평창동 주민센터의 고유 자산으로만 설치하셨다면, 저 같은 개인 주민들은 아예 사용하지 않도록, 충전단자에 안내문을 고지해주시거나 혼돈이 안가도록 폐쇄해주시기 바랍니다. 만약 주민들에게도 사용이 허락한 용도라면, 모두 함께 사용이 용이하도록 케이블 설치를 필히 요청드립니다. 앞으로 점진적으로 전기차 들은 증가되는 추세이기에 설치된 전기차 충전 시설을 모두가 함께 사용이 가능하도록 하는 것이 범정부적인 안내 방향이 아닌것인지요? 평창동 주민센터의 명확한 입장 설명 부탁드립니다. 감사합니다.",평창동,2021-05-10 13:58:51,"1.구 행정에 관심을 가져 주신 데 대하여 감사드립니다.
2.먼저 미흡한 시설 확충으로 인한 불편사항에 대하여 사과의 말씀을 드립니다.
3.귀하께서 신청하신 민원(접수번호 :　202104291257346808）에 대한 내용은 “평창동 주민센터 내 설치된 전기차충전기 공용케이블 비치 요청 및 사용 주체”에 관한 것으로 판단되며 이에 대한 동주민센터의 검토 결과를 다음과 같이 알려드립니다.
가.현재 평창동주민센터 주차장 내에 전기차 충전기(모델명: CPW101, 완속충전)이 설치 되어 있습니다. 해당 기기는 “비공용” 기기로서 주민센터에서 보유한 카드를 사용하여 관용차 충전 등 용도로 사용하는 기기입니다.
(다만 주차장 내 설치된 전기차 충전기를 이용할 수 있는 케이블과 카드를 소지하고 계신 분들은 이용하실 수 있게 안내를 해드리고 있었습니다.)
나.“비공용”에서 “공용”으로 기기를 변경하여 설치할 경우
1)충전기가 설치되어 있는 주차구역이 전기차 전용구역으로 변경되어야 하며,
2)완속충전 기기로 다소 긴 충전시간(5~9시간),
3)공용으로 변경된 경우에도 테슬라, 삼성 전기차 등 차종은 이용이 힘든 점들이 있습니다.
다.주민센터 내 주차장 공간이 협소한 점, 일부 차종은 이용이 어려운 점 등으로 충전기의 용도는 “비공용”으로 유지하는 것으로 결정되었음을 안내드립니다.
라. 또한 주민분들이 혼동하지 않도록
1)“관용차 전용 충전기기”라는 안내문을 부착하도록 하며,
2) 주민센터에서 보유한 카드로만 이용이 가능하므로 “주차장 내 설치된 전기차 충전기를 이용할 수 있는 케이블과 카드를 소지하고 계신 분들은 이용할 수 있다”는 안내는 “관용차 충전 용도로만 이용하는 기기”로 수정하겠습니다.
4. 소중한 관심에 감사드리며 종로구민의 편리하고 쾌적한 생활환경이 될 수 있도록 최선을 다하겠습니다.
5.귀하의 질문에 만족스러운 답변이 되었기를 바라며, 기타 궁금한 사항은 평창동 주민센터(☎2148-5126)으로 연락주시면 성심껏 답변드리도록 하겠습니다. 끝."
59,숭인동길 계단및 보도블럭 공사,정○○,2021-04-29 12:32:48,"공사가 4월29일부터진행된다고하는데 불법주차인건압니다 아는데 택배차량같은 높이가 2.3M이상인차들은
공영주차장도못들어가는데 대뜸 이동주차를하라니요... 공영주차장도 없는마당에 대안 대책도없이 공사를하시면 주차는어디다해야하나요??
공영주차장이 만들어졋다고하나 탑차는들어갈수도없는높이... 대안좀만들어주세요 진심으로부탁드립니다.
공영주차장높이를 좀올려서 탑차들도여유롭게주차할수잇는 대안좀부탁드립니다",건설교통국 주차관리과,2021-05-07 16:24:58,"1. 구정 발전을 위하여 관심을 가져 주시는 선생님께 감사드리며, 「숭인동 공영주차장 높이 조정 관련 요청」에 대하여 답변 드리겠습니다.
2. 2020년 11월에 숭인동 471번지에 숭인도담 공영주차장(66면)을 준공하여 운영 중에 있으나, 선생님이 말씀하신 바와 같이 제한높이 2.1m로 설계되어 있어 택배차량의 주차가 어렵습니다. 기준공된 주차장의 높이 상향조정은 불가한 실정임을 양해하여 주시기 바랍니다.
3. 더 궁금하신 사항은 우리구 주차관리과(담당자 정영애, 2148-3345)로 연락주시기 바랍니다. 다시 한 번 구민의 주차 문제 해결과 지역 발전을 위한 선생님의 관심에 깊은 감사를 드리며, 선생님의 가정에 건강과 행복이 늘 함께 하시길 기원합니다. 끝."
60,박서보 단색화 미술관 건립예정 시기 문의,박○○,2021-04-14 10:51:45,"안녕하세요, 문의사항 있어서 민원 신청합니다.
올해 초 구기동 비봉주차장 부지에 박서보 단색화 미술관 건립예정이라는 기사를 접했는데요, 언제쯤 건립예정인지 궁금합니다.
수고하세요.",문화관광국 문화과,2021-04-19 13:22:23,"1. 우리 구정 발전을 위하여 많은 관심을 가져주신 귀하께 감사드리며. 귀하께서 상담민원(접수번호 202104141051455821)을 통해 신청하신 민원에 대하여 아래와 같이 답변드립니다.

가. 공립미술관의 건립은「박물관 및 미술관 진흥법」제12조의2에 의거 미술관 건립 운영계획을 수립하여 문화체육관광부로부터 건립타당성 평가를 받아야 하며, 심사 결과에 따라 건립 여부가 결정됨을 알려드립니다.
나. 박서보 구립미술관 건립을 위해 현재 사전타당성 조사 용역 진행 중에 있다는 점을 안내해 드립니다.

2. 귀하의 질문에 만족스러운 답변을 드리지 못한 점 양지하시기 바라며,
답변 내용에 대한 추가 설명이 필요한 경우 문화과 박범진(☏2148-1804)에게 문의하여 주시면 친절히 안내해 드리도록 하겠습니다. 감사합니다."
61,종로구 거주차 우선주차 과다주차요금 청구로 두려움에 떨고 있습니다.,강○○,2021-04-07 16:25:08,"안녕하세요, 종로구 혜화동에 거주하는 주민입니다.
서울시와 종로구에서 제공하는 다양한 혜택 덕에 편한 생활을 하고 있습니다.

언론사, 인터넷에 글을 올리기 전에 우리 서울시와 종로구가 주민들을 위하는 모습을 기대하며 이곳에 먼저 글을 올립니다. 확인 후 빠른 답변 부탁드립니다.

--------------------------------------------------------------------------

다만 오늘 매우 큰 두려움과 공포를 경험했습니다.
저는 사설주차장 비용이 부담스러워 거주차우선주차를 이용하고 있습니다.

1분기에 와룡공영주차장이 배정되어 이용하였고, 2분기에는 명륜3가공영주차장에 배정되었습니다. 3월말 출장으로 금일 오전에 와룡공영주차장에서 명륜3가공영주차장으로 차량을 이동하려고 했습니다.

허나 주차요금이 38만원 청구되었다며 매우 험한 말투와 강압적인 전화(4월 7일 15시경)로 요금을 내지 않을 시 불이익이 있을 수 있다는 통보를 받았습니다.

개인 일정(지방 출장)으로 차량을 미리 옮길 수 없었거니와 같은 종로구에서 운영하는 공영주차장인 점, 차량을 옮기라는 어떤 통보도 받지 못한 점, 와룡주차장 입차 시 거주자우선주차로 입차한 점, 거주자우선입차로 기간 외에 출차 시 일반요금이 부과될 수 있다는 점을 전혀 안내 받지 못한 점, 이와 관련한 요금 청구 규정을 물었을 때 단순히 돈을 내라고 통보만 받은 점 등을 토대로 저는 이러한 주차요금 과다청구에 대해 납득할 수 없습니다.

1) 종로구 주민들의 편의를 제공하기 위해 존재하는 공영주차장이 힘없는 주민에게 무차별적인 과다 요금을 청구하는게 맞는 건가요?

2) 제가 미리 옮기지 못한 잘못도 있으나 3달치 거주차 주차요금 18만원을 기준으로 6일치 요금을 산정하는게 아닌(입차시 거주자우선주차 조건으로 와룡주차장 입차), 영리기업에서 부과해도 과하게 느껴지는 38만원이라는 엄청나게 큰 금액을 선량한 주민에게 청구하는게 맞는 건가요?

3) 저에게 불이익이 올 수도 있다는 발언은 향후 거주자입차를 맹목적으로 막는다는 의미인가요? 저는 단지 종로구에 거주하는 선량한 주민일뿐인데 말입니다.

4) 마치 주차 과다요금 청구로 돈을 벌려는 목적인것마냥 6일동안 어떠한 연락도 없이 요금 청구만을 해왔다는거는 제가 어떻게 받아드리면 되나요?

큰 불안감과 공포로 인해 현재 회사에서 전혀 업무를 보지 못하고 이 글을 작성합니다. 내용 확인하여 빠른 연락 부탁드리겠습니다.",감사담당관,2021-04-08 13:45:30,"안녕하십니까
귀하께서 제기한 거주자 우선주차 과다요금 청구건에 대한 민원 검토 결과를 말씀드리겠습니다.
해당 내용은 종로구 시설관리공단의 업무로 귀하가 신청한 민원은 민원처리에 관한 법률16조에 의거하여 종로구 시설관리 공단으로 이송하였음을 알려드립니다. 추후 해당 내용에 대하여 궁금하신 사항이 있으시다면 종로구 시설관리공단(02-2236-0052)으로 연락하여 주시기 바랍니다. 늘 귀하의 가정에 행운과 행복이 가득하시길 바랍니다. 감사합니다. 끝."
62,북악스카이웨이 (북악산 팔각정) 주차장자리를 만들어주세요,박○○,2021-03-25 20:43:43,"북악스카이웨이에서 야경을보고싶어 탑차(높이 2.4M)를 가지고 올라갔습니다. 화장실 옆 주차장은 바리게이트로 막혀있었고 지하주차장은 높이 2.2M 이상은 들어갈 수 없게 되어있었습니다.
그렇다고 갓길에 주차할공간도 없었고 그래서 최대한 바리게이트쪽에 통행이 문제되지않게 세워두고 잠시 30분간 올라갔다 내려왔습니다.
그리고 불법주정차로 종로구청 주차관리과에서 위반통지서가 날라왔습니다.

제가 하고싶은말은 불법주정차 비용이 아까워서가 아닙니다.
모든사람이 이용할수 있게 만들어 주신곳이라면 누구든 갈수있게
환경을 만들어주셨으면합니다.
여태 운전하면서 불법주정차는커녕 과태료자체를
처음끊어봤습니다 그만큼 교통법규를 잘지키면서 운전하는데
이런일이 있으니 좀 속이상합니다..
확실하게 대처방법을 만들어서 알려주세요..
그저 기계식 답변이라면 저는 몇번이고 바뀔때까지 민원넣겠습니다",건설교통국 주차관리과,2021-03-31 16:48:07,"1. 우리 구정발전을 위하여 협조하여 주시는 선생님께 감사드립니다. 먼저 불법 주정차 단속으로 인한 선생님의 상심에 대해 위로의 말씀을 드립니다.
2. 도로는 다수의 사람과 차량이 통행 목적으로 사용하는 장소이고, 주차는 운전자가 없어 즉시 차량을 운행할 수 없고 정차는 운전자가 차량을 떠나지 않은 상태에서 5분을 초과하지 아니한 상태입니다.
그리고 주정차위반에 대해서 현장단속공무원은 스티커 발부와 사진 채증하여 주차위반으로 단속하고, 무인단속용 CCTV는 5분을 초과한 차량에 대해서 2회 촬영하여 정차위반으로 단속을 확정합니다.
무인단속용 CCTV는 차량 형태 및 번호판을 자동화 시스템으로 인지하여 시행하고 있습니다.
3. 부득이한 사정에 따른 주차로 인한 단속은 구제절차인 의견진술을 안내하여 드리겠습니다.
의견진술제출(팩스, 인터넷, 방문) ⇒ 구청심의 ⇒ 민원인에게 과태료 부과결정 여부(수용·미수용) 통지
※ 처리기간 : 의견진술 접수후 1개월 이내 처리 통보
의견진술안내 : 02-2148-3361~3 (FAX 02-2148-5977)
- 미수용시 구제절차 : 이의신청(비송사건절차법에 의한 과태료 재판)
4. 선생님께서 주차하신 북악산 팔각정은 지하주차장과 대형 차량에 대비한 지상주차장이 있으며, 주차장에 대한 운영은 팔각정 사무소 02-725-6602에 문의를 부탁드립니다.
5. 선생님 가정에 건강과 행복이 늘 함께 하시길 기원하며, 더 궁금하신 내용은 전화 (02-2148-3373) 주시면 성심껏 답변 드리겠습니다. 끝."
63,업무 보시는데 굉장히 불친절한 교통행정과 남자분-,김○○,2021-03-10 18:37:34,"어제 오늘
신규 차량 등록을 하로 교통행정과 1층에 업무를 보러갔습니다

어제같은경우 5시에 도착해서 (평소 업무를 보니 낮에 가는것보다 업무를 마치고 조금 일찍 퇴근하여 5시정도 도착한것이죠)
신규 차량 등록 서류를 드렸는데 (자동차 판매업소에서 더블체크하고 확인한 서류들)
사업자 등록증이 없다며 이거 없으면 안된다라고 하셨고
보험등록날짜가 안맞는다 라고 이야기하셔서 조정중이었는데 5시40분부터 체권구매가 안될것이다
라고 하셔서 뭐 알았다 미비된 서류를 들고 다음날 다시 가겠다
해서 다음날 다시 갔었죠

우선 첫날부터 굉장히 불친절하고 강업적인 말투와 친절하지 않는 상태로
본인의 기분이 안좋은걸 왜 구민에게 짜증을 내는지 모르겠습니다만

뭐 그러련히 하고 넘어갔습니다

그리고 오늘은 조금일찍가서 4시정도가서
자동차 신규등록 업무를 마치고
채권구입 및 취등록세금 납부및 자동차 번호판 발급을 받고

약 40분가량의 업무를 받고

주차 확인을 부탁드려서
주차할인을 받을까했는데 주차권을 확인해보니- 없길래
그냥 제돈주고 나가려고 했습니다
주차장에서 하시는말을 들어보니
주차권이 없으면 조금 곤란한데 오늘 어떤 업무 보러 오셨냐
묻기에 신규자동차 업무를 보러왔다고 이야기드리고 발급받은것들 보여드렸죠
이야기하시길
신규자동차 등록은 아마 주차할인 발급 업무일수도 있다 일딴 주차권이 없으니 아무 확인이라도 받아와라
해서 다시 교통행정과로 갔었고

아까 주차권 갖고오라고 했는데 제가 없어서 혹시 확인 받을수있는 방법 없을까요 물어보니

대뜸 어제 그 남자분이 껴들어서

주차할인이 안된다

나는 오늘 신규자동차 등록 업무를 보지않았냐? 확인해달라

그분이 대뜸 짜증을 엄청 내면서
오늘 자동차 등록한 번호판을 들고가야 할인이 된다

뭐 저에게 알려주시는게 아니고 굉장히 갑질의 느낌으로
강압적과 기분 기분이 뭐가 나쁜진 모르겠지만

제가 단한번 언성을 높인적도 없으며

부탁과 확인을 해달라는행동에

너무나도 불편하게 업무에 임해 계시더라고요

뭐 업무가 많아서 짜증날수도있지 하고 그러련히 하려는데

마지막에 눈앞에서 방금 적은 번호를 짜증내면서 볼펜으로 막 직직직 그으면서 안된다고요~~~~~~~
라고 막 낮은 소리로 윽박지르시는 모습이

정말 너무나 충격적이고 선명하게 기억에 남아

아 이렇게 업무보시는 사람들이 많으면 다른사람들도 계속 불편하겠다 싶어서

저도 그분에게 공식적으로 민원절차 밟겠다고 이야기드렸고

업무를 마치고 구청을 나왔네요

마지막으로 주차장에서 일하시는분께 여쭈어 보니

자기쪽의 행정업무가 아니라 정확하지 않을수 있다고 하여

일딴 신규차량등록 업무의 주차할인이 되던 안되던 앞으로 해주십사해서 관련하여 민원은 따로 남기었고요

우선 제일 중요한게

많은 분들 만나고 직접적인 업무를 많이 격는 부서에서

그분이 제일 고참이던 어떤 위치이던 모르겠지만

그렇게 분위기 안좋게 업무에 임하고 주민들에게 짜증내는건 쫌 아니라고 봅니다

복잡한 서류가 많은데 불구하고 빠르고 신속하게 잘 처리해주시던 옆에 계신분들과 너무나 대조되어 보여서

이건 꼭 집고 넘어가야겠다 생각되어 공개민원으로

짜증내며 업무보시는분에대해 꼭 그분이 상기되어 다시금 맡은바 즐겁게 일하실수있는걸 바라는 마음으로
공개민원글 남기고 갑니다


대략 요약하자면

1. 불친절하다 (그 남자분 성함을 모르겠지만 남자분이 한두분중에 가운데 앉아계신분이 한분이라 누군지 알겁니다)
2. 앞뒤로 어떤 불편한일들이 있었는지 모르겠지만 짜증을 낸다. (왜 괜한 사람한테 짜증을 내는지 모르겠습니다만..)
3. 이런사람들이 더 중요한 보직에 있을수록 공무원 갑질이라는 이야기들이 커지기 전에 사전에 이야기가 되었으면 좋겠습니다-
4. 업무처리에있어서 명령조가 아닌 서로 이해를 할수있게끔 일처리 했으면 좋겠다

제가 주차비로 지불한 5천원이 아까워서 그런게 아닙니다.
에티튜드라고 하죠?
태도의 문제인데 굉장히 불쾌하고 짜증을 냈고

혹시나 행정적 오류면 더더욱 화가 나겠지만 저도 더 깊게 알고 가고싶지 않아서 이렇게 남기고 갑니다-",건설교통국 교통행정과,2021-03-18 17:16:57,"우리 구정 발전을 위해 관심을 갖고 의견 주셔서 감사합니다.
먼저 자동차 등록신고를 하면서 겪으신 일로 불쾌감을 드려 송구스럽게 생각합니다. 해당 직원에게 보다 친절하게 민원 응대하도록 교육하였으며 앞으로 이런 불미스러운 일이 재발되지 않도록 최선을 다하겠습니다.
다시 한번 죄송한 마음을 전하며, 더 궁금하신 사항은 종로구청 교통행정과 (담당 김민주 02-2148-3305)로 연락주시면 성심성의껏 답변 드리겠습니다. 끝."
64,편안하고 안전한 보행길을 만들어 주세요.(거주자우선주차구역을 보행로로),박○○,2021-02-25 14:31:28,"도로는 사람과 차량이 다니는 용도이지 주차가 주요 용도가 되어선 안 됩니다. 도로가 충분히 넓어 사람과 차량이 다니고도 여유가 남는 경우에는 상황에 따라 그 외의 용도로도 사용할 수 있겠지만, 그렇지 않음에도 시민이 편안하게 다녀야 할 도로를 몇몇 소수에게만 점유권을 부여하는 것은 공익에 어긋나는 것 같습니다. 일정 사용료를 부과한다고 하여도 정당하다고 볼 수 없을 것입니다.

제가 언급하고자 하는 곳은 명륜3가 성균관로 13길에 위치한 5곳의 거주자우선 주차구역입니다.(구획번호 : 14-2-7~11) 해당 지역은 비교적 경사도가 완만하고 폭이 넓어 거주나 산책을 목적으로 많은 시민들이 지나다니는 곳입니다. 도로 폭이 충분하지 못해 현재 일방통행로로 지정되어 있는 상태인데, 도로의 고저 차이가 크고 삼거리에 위치해 있어, 사각지대 발생으로 인한 안전사고 발생 우려가 큰 곳입니다. 그런 곳에 거주자우선 주차구역이 설치되어 있어 보행자들은 보행권을 침해받아 왔습니다. 전주가 돌출되어 있는 곳마저 주차구역으로 설정되어 있어 차량이 주차선을 넘어 주차되는 경우가 빈번합니다.
거주자우선 주차구역이 주차공간이 넉넉하지 않기 때문에 어쩔 수 없이 마련한 궁여지책이라고는 하지만, 도로여건을 고려하지 않고, 단순히 도로 폭만을 고려해서 지정되어서는 안 된다고 생각합니다. 서울시와 종로구청에서 추진하고 있는 정책은 보행자가 걷기 편하도록 도로구조를 개편하는 방향으로 가고 있는데, 다른 한 쪽에서는 다른 방향으로 가고 있는 것입니다.
주차구역에서 멀지 않은 몇 십 미터 거리에 명륜3가 어린이집이 있습니다. 지금 건축공사가 한창인데, 머지않아 어린이들이 자주 지나다니게 될텐데 사고발생이 우려됩니다.

길이 주차공간이 아닌 그 본래의 기능에 충실할 수 있도록 차량통행로와 구분된 보행로를 만들어 주세요. 도로 여기저기에 약간의 빈공간이라도 생기면 거주자우선 주차공간을 만들기 보다는 보행로를 먼저 확보해 주십시오. 차 없이도 주민들이 편안하게 살 수 있고, 소수가 아닌 다수가 그 혜택을 누릴 수 있도록 행정을 펼쳐 주시기 바랍니다.",건설교통국 도로과,2021-03-17 11:31:20,"1. 항상 구정발전을 위해 적극 협조하여 주시는 선생님께 깊은 감사를 드립니다.
2. 선생님께서 요청하신 사항에 대하여 아래와 같이 답변드립니다.
가. 먼저 통행에 불편을 드린 점 송구하다는 말씀을 드립니다.
나. 선생님께서 말씀하신 종로구 성균관로13길 40 부근 보도신설 요청건은, 현재 거주자우선주차구역 사용, 주민의견 수렴, 추가 예산확보 등 종합적인 검토가 필요한 실정임을 알려드립니다.
3. 다시한번 구정발전을 위하여 많은 관심과 의견을 주셔 감사드리며, 더 궁금하신 사항이 있으시면 우리구 도로과(담당 박단세, ☎02-2148-3204)로 연락주시면 성심껏 답변드리겠습니다. 선생님의 가정에 늘 평안과 행복만 가득하길 기원합니다. 끝.

[협조부서] : 건설교통국 주차관리과
1. 구정업무에 관심 가져주셔서 감사합니다.
2. 귀하께서 제기하신 민원사항에 대하여 답변 드리겠습니다.
3. 거주자우선주차 구획 14-2-7 ~ 11 구획은 6m 도로에 설치된 주차구획으로서, 2021년 상반기 거주자우선주차제 정기접수에 따라 2021. 4. 1. ~ 2021. 9.30.까지 배정자들이 사용하기로 확정된 사항으로, 즉각적인 구획폐지는 어려우며, 관련부서와 협의하여 보행로 설치가 필요하다고 판단될 경우, 구획폐지를 검토하도록 하겠습니다.
4. 귀하의 가정에 행복이 가득하길 바라며, 거주자우선주차구획 관련하여 추가로 문의사항이 있으실 경우, 주차관리과(☎2148-3334)로 연락주시면 성심껏 답변 드리겠습니다. 감사합니다. 끝."
65,주차 차단기 설치 정보공개 건,한○○,2021-02-04 16:22:25,"1.롯데캐슬 아파트는 현재에도 여전히 지하2.3층 주차 차단기 때문에 입주민이 불편을 호소 하고 있습니다.
언제 까지 철거가 이루어 질 건가요? 해당 부서에서 (업무를 파악하기 힘듬)처리가 어려울 경우 국토부에 문의 하겠습니다.

2. 당 아파트 관리 주체는 계약서나 회계감사 보고서를 복사 요청을 하였으나 이를 거부 하고 있습니다.
입주민의 관리비로 감사를 했으면 입주민이 요청시 반드시 이행을 해야 함에도 이를 거부하는 것은
부당하며 주택관리법 위반입니다.
이를 이행 하도록 조치 해 주실것을 요청합니다.

3.입주자 대표회의를 입주민이 참석하기 어렵게 오전 시간에 하고 있어 입주민이 참여 할수 있게 오후 시간대로
바꿔 줄 것을 서면으로 요청 하였음에도 들은척도 않고 이를 무시하고 있습니다.
이것도 시정 할 수 있도록 지도 요청 드립니다.

작성인 정재원

*C19로 인하여 바쁘시겠지만 조속한 답변을 기다리겠습니다.
같은 민원이 두번씩 발생하지 않게 깔끔한 처리 부탁 드립니다.",도시관리국 주거재생과,2021-02-24 16:53:18,"1. 항상 구정발전에 관심을 가져주신 귀하께 감사드립니다.
2. 귀하께서 질의하신 내용에 대하여 다음과 같이 답변 드립니다.

? 질의 내용
가. 계약서나 회계감사 보고서 복사 요청 거부
나. 입주자대표회의 개최 시간 변경 요청 거부

? 회신 내용
- 공동주택관리법(이하 ‘법’이라 한다) 제26조제3항에 따르면“관리주체는 제26조제2항제2호에 따라 외부회계감사를 받은 경우, 회계감사의 결과를 제출받은 날부터 1개월 이내에 입주자대표회의에 보고하고, 해당 공동주택단지의 인터넷 홈페이지 및 동별 게시판에 공개하여야 한다”라고 명시된 바, 귀 단지 게시판에 외부정밀회계감사 결과 공고를 11일간(2020.12.31.~2021.1.10.) 실시함을 확인하였으며,
- 귀 공동주택 관리규약 제64조제3항에 따르면 관리주체는 법제26조제3항의 회계감사 결과를 전자문서 시스템 또는 통합정보마당에 공개하거나 입주자등에게 개별통지하여야 한다고 규정되어 있는 바, 이를 준수할 것을 당부하였습니다.
- 다만, 외부회계감사 계약서 등이 정보 공개 대상인지에 대하여는 관련법령 등에 구체적으로 명시되어 있지 않아 관련부처 질의 등을 통해 판단하여야할 것으로 사료됩니다.
- 공동주택관리법 제14조제4항에 따라 입주자대표회의는 관리규약으로 정하는 바에 따라 회장이 그 명의로 소집하여야하며, 귀 공동주택 관리규약 제26조제1항에서 “입주자대표회의는 정기회의와 임시회의로 구분하고, 회장이 이를 소집하고 회의의 의장이 된다”라고 명시되어 있으나, 개최 시간에 대해서는 구체적으로 정하고 있는 바가 없으므로, 공동주택 내에서 결정하여야 할 사항입니다.
- 또한, 입주자대표회의 개최 시간 변경 요청을 귀 공동주택 관리규약 제29조에 따라 안건으로 제안하였다면, 제안된 안건에 관한 사항은 입주자대표회의의 의결사항으로 명시(제30조제10호)하고 있으며, 귀 공동주택 관리규약 제64조제3항제4호에 따라 입주자등의 건의사항에 대한 조치결과 등 주요업무의 추진상황에 대하여 관리주체는 전자문서 공개시스템 또는 통합정보마당에 공개하거나 입주자등에게 개별통지해야함을 입주자대표회의 및 관리주체 측에 안내하였습니다.

3. 아울러, 더 궁금하신 사항이 있으실 경우, 주거재생과 담당(한찬미☎2148-2604)로 연락주시기 바랍니다. 끝."
66,종로구 가회동 주차 단속반과 견인 관계 조사를 요구 합니다,박○○,2021-01-28 15:48:56,"종로구 가회동에 거주하고 있고, 같은 지역에서 공방을 운영하고 있는 소상공인 입니다.

2021년 1월 26일 오후에 집앞에서 견인 된 차량 견인 건에대한 조사를 원합니다.
차에는 거주자 우선 주차카드가 부착되어 있으며, 주차 구역이 멀어 부득이 한 경우 집앞 도로면에 잠시 주차하곤 했습니다.

그 장소는 차선이 없는 주택가 골목도로이며, 다른 차량도 자주 세우는 곳이고, 주민 신고가 없으면 단속이 없는 지역이며,
가끔 단속이 되면, 별 불만 없이 과태료 사전 납부를 하곤 했습니다.

이지역에서 10년간 일을 하면서 차선이 없는 주택가 그 도로에 견인 차가 돌아 다니는 걸 본 적이 없고, 대로변도 아닌데, 단속 후 바로 경고도 없이 거주가 카드 부착이 되어있는 차를 바로 견인을 해갔습니다.

단속과 견인의 관계 조사와 경위 조사를 해 주십시요.

첨부파일로 올리려고 했는데 ..용량이 . 넘는다고 합니다.

단속고지서 번호는 A 330698 입니다.",건설교통국 주차관리과,2021-02-04 18:08:23,"1. 우리 구정발전을 위하여 협조하여 주시는 선생님께 감사드립니다. 먼저 불법 주정차 단속과 견인으로 인한 선생님의 상심에 대해 위로의 말씀을 드립니다.
2. 도로는 불특정 다수의 사람과 차량이 통행하는 장소로 주정차를 금지하고 있으며, 불법주정차에 대해서 현장단속공무원은 과태료 부과의 단속업무를 하고 견인차량은 우리구 협력업체로서 견인보관소로 이동 조치하는 업무를 하고 있습니다.
3. 창덕궁길176에서 2020.1.26.(화) 13:22 단속은 같은 날 12:00 우리구 교통 상황반으로 유선 신고와 12:08 120 서울시다산콜센터로 장소와 차량번호를 지정하여 교통 불편과 강력한 현장조치의 민원이 접수되었고, 현장단속공무원이 도착시 해당 차량으로 불가피하게 단속을 시행하게 되었습니다.
4. 그리고 주정차위반으로 과태료를 부과하고 안전한 장소로 차량을 이동시킬 수 견인대상 스티커를 발부하였으나, 현장단속공무원 또는 교통상황반에서 강력한 민원이라 견인업체에 이동시키도록 통지할 수 있으나 통지한 사항은 없으며, 견인 업체에서 순회하여 단속된 차량을 발견하고 이동시킨 절차로 확인되고 있습니다.
5. 주정차 위반은 단속 대상이고 단속 후 견인될 수 있음을 양지하여 주시고, 부득이한 사정으로 인한 주차와 단속은 구제절차인 의견진술을 활용하여 주시기 바랍니다.
6. 선생님 가정에 건강과 행복이 늘 함께 하시길 기원하며, 더 궁금하신 내용은 전화 (02-2148-3373) 주시면 성심껏 답변 드리겠습니다. 끝."
67,자하문로 92-1 에서 차가 견인되었습니다.,박○○,2021-01-23 05:44:24,"주차칸 제대로 그려져 있는 곳에 한칸 사용하여 주차하였고, 통행에 방해되지 않게 주차하였고,

주위에 주차금지견인 안내판 안내문 전혀 없는 곳이였는데 다짜고짜 견인해갔습니다.

사전연락 하나없이 갑자기 견인해갔는데 이유가 뭔지 이 조치가 맞는건지 답변해주세요.",건설교통국 주차관리과,2021-02-02 15:43:15,"1. 우리 구정발전을 위하여 협조하여 주시는 선생님께 감사드립니다.
2. 선생님께서 자하문로92-1의 주차칸에 주차하고 견인되었고 안내에 대해 없는 사항으로 민원을 제의하여 주셨는데, 일시 및 차량번호와 불법주정차 또는 부정주차의 단속 유형에 대한 내용이 없어 일반적인 사항으로 안내드립니다.
3. 도로교통법에 도로는 차량이나 사람이 통행목적으로 사용하는 장소로 주정차를 금지하고 있으나 지방경찰청장이 구간 및 시간과 차량을 지정하여 허용구간을 설정할 수 있고, 이 경우 주차구획선을 노면 표기하고 특정 차량을 지정할 시 그 외의 차량은 주차의 방법위반으로 불법주정차의 단속이 될 수 있습니다.
그리고 주차장법에서 노상의 주차구획을 표기하고 일정한 사용료를 받고 배정 차량이 주차하여 불법주정차의 증가를 방지하는 거주자우선주차제가 있으며, 이 경우 미배정의 차량의 주차시 배정차량이 불법주정차를 방지하고자 부정주차의 단속을 할 수 있습니다.
4. 주차 방법위반의 불법주정차는 차량의 운행을 위하여 그리고 미 배정차량의 부정주차는 배정차량의 주차를 위해서 견인 조치가 될 수 있고, 일시 및 차량번호와 단속유형을 기재하여 주시면 상세히 안내하도록 하겠습니다.
5. 선생님 가정에 건강과 행복이 늘 함께 하시길 기원하며, 더 궁금하신 내용은 전화 (02-2148-3373) 주시면 성심껏 답변 드리겠습니다. 끝."
68,강북삼성병원 도로 정체,류○○,2021-01-10 17:15:29,"안녕하세요?
종로구 경희궁자이 입주민입니다.

첨부한 지도에서 보는 것처럼 강북삼성병원으로 들어가려는 차로 인해서 양쪽 도로가 몇 백미터씩 밀려있습니다.
도로가 왕복 2차선 도로라서 병원 들어가려는 차가 길을 막고 있으면 병원 지날 때까지 움직일 수가 없습니다.

병원에서 주차장을 확보해서 도로의 차량을 수용하던지, 아니면 안내원이 아파트 인근까지 와서 차를 소통시켜야지,
병원 차량으로 인해서 1~2분이면 갈 거리를 20~30분씩 걸리고 있습니다.
이로 인해 아이들 학교 등교시간 및 출근시간에 많은 어려움이 있습니다.

병원 들어가려는 차량은 병원 내부에서 소화해야 하는데, 병원 입구에서 차량을 막고 있어서 인근 주민에게 많은 불편을 주고 있습니다.
대형 병원이면 큰 도로에 인접해서 입구를 내야하는데, 좁은 길에 입구가 있다보니 차량이 더욱 정체되고 있습니다.

병원에 주차장을 확보하게 하던지, 안내원을 적극 배치해서 병원으로 인한 인근 주민의 불편함과 시간 손해를 최소화 해주기시기 바랍니다.

감사합니다.",건설교통국 교통행정과,2021-01-19 15:06:02,"1. 평소 우리 구 발전을 위하여 적극 협조하여 주시는 선생님께 진심으로 감사드리며, 강북삼성병원 진출입 차량으로 인한 송월길 정체 해소 요청과 관련하여 답변을 드리겠습니다.

2. 강북삼성병원 방문차량으로 인한 송월길 정체 해소를 위해 병원 주차장 증축공사를 진행중에 있으며, 2021.5월에는 현재의 1.5배 수준으로 주차장이 확보되고 새문안로를 통해 차량의 진출입도 가능해질 예정입니다.

3. 또한, 병원측과 협의하여 정문 앞에 교통지도요원을 추가 배치하였으며, 모범운전자 추가 배치도 요청하여 병원측에서 검토 중에 있음을 알려드립니다.

4. 더 궁금하신 사항은 우리 구 교통행정과(류민환 ☎ 02-2148-3274)로 문의하여 주시면 성심성의껏 안내해 드리겠습니다. 선생님의 가정에 항상 건강과 행복이 가득하시기를 기원합니다. 끝."
69,안전진단요청,정○○,2020-12-22 17:17:33,"오늘 명륜2가 93번지 현장에서 전해 들은 바로는 앞으로 2주간 바닥 천공 공사(CIP공사)를 진행한다고 합니다. 저희집과의 간격은 50cm 정도 밖에 떨어지지 않은 곳입니다. 문제는 저희집은 30년이 넘은 지상2층에 반지하층으로 구성된 집입니다. 건물해체로도 집이 많이 흔들려 아래층의 세입자들로부터 집 흔들림과 소음으로 살 수가 없다고 이사를 하고 싶다고 해체 공사가 시작된 1달이 넘게 항의를 받았습니다. 그런데 여기에 CIP공사까지 진행이 된다면 그 후 상황은 뻔합니다. 저희는 원룸에서 나오는 월세를 받고 생활을 하고 있습니다. 지금 이 공사로 인해 세입자들이 이사를 가겠다고 하는데 이 부분에 대해서도 대책을 세워 주십시오. 코로나로 이곳에서 세입자를 새로 구하는 것은 부동산에서도 손을 놓고 있는 상황입니다. 거기다 공사가 진행되는 중에 누가 이곳으로 이사를 오겠습니까? 새로 93번지가 지하2층으로 주차장을 짓기 위해 CIP 공사를 진행한다면 노후화된 저희 집의 안전도 너무 걱정되고 많이 불안합니다. 지금 해체 공사로도 집의 창문까지 흔들릴 정도입니다. 저희는 CIP 공사 시작전, CIP공사가 끝난 후, 그리고 오피스텔 공사 완공 후 준공 전에 저희 집에 대한 안전진단을 해주시기를 공식적으로 요청합니다 그리고 안전진단 검사 후에 크랙, 기울기 외에 모두 하자에 대해 책임을 져주십시오.",도시관리국 도시개발과,2021-01-06 13:01:50,"1. 우리구정 발전에 협조하여 주시는 김○○님께 감사드립니다.
2. 김○○님께서 우리구로 제출하신 민원은“명륜2가 93번지 공사의 영향에 대한
주변 민간건축물의 안전점검”에 관한 내용으로 이해됩니다.
3. 2021.01.04.(월)일 도시개발과-21158 협조 요청에 대해 안전점검(명륜2가 101-1)을
수행한 결과는 아래와 같습니다.
가. 요청사항 : 명륜2가 93번지 신축공사현장 영향에 대한 점검
나. 점 검 자 : 건축구조기술사건축시공기술사 차광찬, 건축사 이경화
다. 점검의견 :
- 민원인 건물(명륜2가 101-1)은 지하1층, 지상2층 조적조 주택이고 신축공사
장은 기존 지상 건물을 철거한 상태임.
- 민원인은 진동 소음이 심했고 화장실 타일과 보일러실 벽체에 균열이 발생
되었다고 주장함.
- 현재 민원인 건물의 구조적인 안전 상태에 특이사항이 발견되지는 않았지만
시공사는 다음 사항을 준수하여 공사를 진행하여야 할 것임.
1) 민원인 건물에 균열과 기울기를 측정할 수 있는 계측기를 설치하여 정기적
으로 계측하여 추이를 점검할 것.
2) 민원인 건물을 사전점검하여 건물 하자에 대한 초기치를 보관할 것.
3) 흙막이공사와 터파기공사 시 민원인 건물에 대한 영향이 허용치 이내인지
여부를 전문가에 의한 사전 검토를 할 것.
4) 주변에 있는 기존 석축이 공사 중 안전한지 사전 검토하여 필요 시 보완
조치를 할 것.
4. 점검결과를 해당 시행자에게 통보하여 공사가 안전하게 진행될 수 있도록 조치할
것이며 끝으로 가정에 행복이 가득하시길 기원하며, 문의하신 사항과 관련하여
더 궁금하신 사항은 우리구 도시개발과 정성웅(☎02-2148-2685)으로 연락주시기
바랍니다. 끝."
70,사라진 20여개의 거주자우선주차구역 복구해주세요.,안○○,2020-10-29 17:06:25,"안녕하세요. 민원신청합니다.
평창동에 실제로 오래 거주하며 살고 있기도하고 올 봄에 가나아트센터 근방으로 사업장을 이전해 사용하고 있는 사람입니다.
이곳으로 사업장을 이전한 가장 큰 이유가 거주자우선주차가 여유가 있어 주차문제에서 자유롭기 때문이었습니다.

현상황은 인도넓힘공사와,가나아트센터앞 화단조성 공사로 인해 기존에 있던 거주자 주차 라인 20여개가 갑자기 사라진 상태입니다.
(평창30길,평창32길 가나아트센타 근방 구역)
20여개가 사라진 상태로 하반기 거주자구역 신청을 해봤지만, 집 바로 앞임에도 불구하고 7:1로 떨어졌습니다.
갑자기 사라진 주차구역때문에 어쩔수 없이 집앞에 도로와 인도에 걸쳐서 차를 대어놨는데,
오늘 아침엔 지나가시던 분이 큰소리로 욕을하고 해코지를 합니다. 내 거주지앞인데도요.
그분도 짜증이 나셨겠죠. 인도는 엄청 넓어졌는데 온통 차들이 올라와 있어서 전보다 더 불편하실테니까요.
전화로 이곳저곳에 문의를 해봐도 자기들도 뾰족한 방법이 없다고 고민해보겠다고만 하고 정작 대책없이 시간만 지나고 있습니다.
피해는 고스란히 실거주자들이 보고있는데 모두 자기들은 권한이 없다고만 합니다.
가나아트센터 맞은편에 새로 조성하고 있다는 주차공간이 있지만 7대가 맥스라고 하고,아직 완공되려면 한참인 듯 합니다.
완공이 되어도 기존 20여개의 구역을 대체하기엔 턱없이 부족한 실정이구요.
20개를 없앴으면 최소 15개는 확보를 해놨어야 하는것 아닙니까.
어찌 대책하나없이 언제했는지도 모를 사업설명회 했다고 하시며 절차에 문제없었다 하고 모두가 모르쇠입니까?
인도를 넓혀놔서 낮에는 예전보다 더 무질서하고 주차대란입니다. 20개구역이 없어졌으니 당연한 결과겠지요.
이게 과연 주민 편의와 복지를 위한 도시디자인입니까?
가나아트센터에 방문하려는 차들조차 전부 여기저기 불법으로 대놓는통에 동네가 아주 무질서하고 주차때문에 여기저기 고성이 오갑니다.
조용했던 동네가 아주 살기 팍팍하고 거지같은 동네로 바뀐 기분입니다.
내가 왜 쌩판 모르는 사람한테 인도에 차댔다고 쓰레기취급을 당하고 욕을 먹어야합니까?
그 원인제공은 나라에서 하고 그 피해는 왜 개인이 고스란히 떠안씁니까?
대책도 없이 왜20개나 되는 주차구역을 없앴나요?
삭제된 주차구역 20여개 다시 복구해주시길 건의합니다.
납득할만한 대책을 마련해주세요.",지속가능국 도시디자인과,2020-11-03 11:34:32,"1. 우리 구정발전을 위해 관심을 가져주신 박○○님께 진심으로 감사 드립니다.
2. 우선 공사 시행후 거주차우선 주차구역 삭제로 인한 불법주차 및 보행 불편 등 주민생활에 불편을 끼쳐드려 사과의 말씀을 드리며, 선생님께서 제출하신 민원 사항에 대하여 아래와 같이 답변 드립니다.
○ 민원요지
- “자문밖 문화의 거리 조성사업”구간 사라진 거주자 우선주차 구역 복구해 주세요.
○ 답변내용
- 자문밖 문화의 거리 기반시설 조성사업과 관련하여 평창 30길과 32길 구간의 도로 양방향 보도 조성으로 인해 거주자 우선 주차구역이 삭제되어 거주자 우선 주차를 이용하시는 주민들에게 불편을 끼쳐드려 매우 죄송스럽게 생각 합니다.
- 우리구에서는 해당 지역의 주차문제를 조금이나마 해소하기 위해 가나아트
맞은 편에 공영주차장 조성 공사를 진행하고 있으며, 자문밖 문화의 거리
기반시설 조성사업 구간에도 거주자 우선주차 구역 확보를 위해 재검토중
에 있음을 알려드립니다.
3. 본 사업으로 인하여 주차와 보행에 불편을 겪으신 선생님께 다시 한번 죄송
하다는 말씀을 드리며, 기타 궁금하신 사항은 종로구청 도시디자인과(담당:
안태훈, ☎ 2148-2723)로 연락주시면 정성껏 안내하여 드리겠습니다.
감사합니다. 끝."
71,장애인단체 업무수행중의 장애인 차량 주정차 과태료부과철회요청,김○○,2020-09-25 14:08:23,"문화체육관광부 지원사업으로 장애인전업미술가로만 이루어진 장애예술단체의
부회장으로 지원사업인 전시사업을 수행하고 완료하는 시점인
전시장인 공평동 SM면세점 근처 라메르갤러리 정문앞에
작품철거운반 및 중증지체장애인의 작품이동 등 업무수행을 위해
2020. 9.15일 오전 10.26분 잠시 정차하였는데
이에 대한 과태료가 부가되었습니다

개인업무가 아닌 문화체육관광부의 지원사업을 실행한
장애인전업작가협회의 실무를 추진담당한 중증장애인으로서
과태료부과 철회를 요청드립니다

해당 부서에 몇 번이나 접속하여 이의신청을 하려 하였으나
클릭하고 기입할 수 있게 되어 있지 않고
이의진술에 관한 신청과 안내도 청각장애인이 이용할 수 없는
전화번호만 있어 부득이
이곳을 이용해서 민원을 제기합니다

어제 과태료부과 고지를 받고 답답해서 신문고민원을 이용했지만
접수안내도 없고 해서 다시 종로구 이곳으로 신청드립니다

협회 부회장이자 운전자인 장애등록증과 전시철거 작품이동이 혼자수행이 어려운
협회부회장인 중증지체장애인의 장애등록증과 의견진술서를 첨부합니다
용량초과로 단체공문 등 다른 문서를 첨부할 수 없어 답답합니다

해당날짜에 대한 전시증빙은
3개이상 첨부가 안되니
제2회 한국장애인전업미술가협회전 으로 검색하시면
에이블뉴스의 보도기사 및 포스터를 볼 수 있습니다

그리고 해당민원인은 청각장애인이니 전화하지 말고 문자메시지로
접수, 진행 결과를 알려주시기를 간곡히 요청드립니다
안 그래도 코로나로 어렵게 문화체육관광부의 지원사업을 수행하였는데
중증장애인들의 전시업무 수행으로 인한 과태료부과는
부당합니다",건설교통국 주차관리과,2020-10-07 17:54:01,"1. 우리 구 구정발전을 위하여 협조하여 주시는 선생님께 감사드립니다. 선생님 께서 불법주정차 과태료 문제로 인하여 어려움을 겪으신 것에 대해 안타까운 마음과 위로 말씀을 드리며, 아래와 같이 답변 드리겠습니다.
2. 공평동 부근 불법 주정차 과태료 부과에 대한 의견진술서는 정상 접수되었음 을 알려드립니다. 심의결과가 “수용”이실 경우 과태료 부과가 면제되고 “부과”로 결정 되실 경우 과태료가 다시 부과됩니다. 심의를 받고자 하실 경 우 과태료를 납부하시면 심의가 되지 않으니 꼭 결과 확인 후 처리하셔야 합 니다. 심의결과 과태료가 “부과”로 결정 될 경우에도 자진납부기한 내에는 20 감경 적용이 가능합니다. 심의결과는 우편으로 통지됩니다.
3. 다시 한 번 불편을 겪으신 것에 대하여 위로의 말씀을 드리며, 더 궁금하신 사항이 있으시면 종로구청 주차관리과(☎02-2148-3362)로 연락주시면 성심껏 안내해드리겠습니다. 선생님의 가정에 건강과 행복이 늘 함께하시기를 기원합 니다. 끝."
72,숭인동 골목길 계단 경사로 시멘트 공사 건의합니다.,우○○,2020-09-19 03:31:19,"숭인동 178-116 거주중입니다. 건물 뒷편 작은 골목 끝에 살고 있습니다.
이곳 골목에 나이 많으신 할머니 할아버지도 계신데 계단이 너무 많아 불편합니다. 그리고 스쿠터를 집앞에 주차를 시켜야 하는데 동네 특성상 세울곳이 없어
계단 중앙 부분만이라도 시멘트 작업을 해주셔서 오르막길로 공사 부탁드립니다.
정말 주차할곳도 없고 배달하러 오시는분들도 피곤하다고 맨날 하소연하십니다. 부탁드립니다",건설교통국 도로과,2020-10-13 17:39:36,"1. 안녕하십니까? 구정에 관심을 가지고 의견 주신 김○○님께 감사드리며, 건의하신 숭인동 178-116앞 계단 경사로 설치 요청건에 대하여 다음과 같이 답변드립니다.
2. 현장조사 결과 숭인동 178-116 앞 계단은 폭 2m, 길이 4m의 협소한 계단입니다. 관련 규정인 교통약자의 이동편의 증진법에 따라 경사로의 유효폭은 2m이상 확보해야하나, 해당 구간은 확보가 불가능하여 계단 경사로 설치가 어려움을 알려드립니다.
3. 구정에 관심과 의견 주신 김○○님께 다시한번 감사드리며, 본 건과 관련하여 보다 상세한 사항이나 궁금한 점 있으시면 종로구청 도로과(우경준, 02-2148-3164)로 연락주시면 성심껏 답변드리겠습니다. 끝."
73,무계원 주차장 부암동 소나무를 살려주세요,허○○,2020-09-09 15:03:28,"종로구 부암동 무계원 인근 거주하는 주민입니다.
무계원 옆 민가(부암동 328-2)를 종로구에서 매입하여 주차장을 건립 추진중인것으로 알고 있습니다.
며칠전 측량하는 분들이 해당 주택에 다녀가는 것을 보고 곧 공사가 진행될 예정인것으로 알고 있습니다.
그러던중 오늘 해당 주택에 대문을 열고 들어가는 사람들이 있어 무슨 일인가 물어보니 종로구청 용역을 받은 조경회사 직원이라고 하더군요.
무슨 일인가 물어보니 해당 주택 대문옆의 큰 소나무를 뽑으려고 확인차 왔다고 하더군요.
그 소나무는 부암동의 상징과 같은 나무로 저도 이 동네에서 태어나 지금껏 살아오면서 매일 봐왔던 소나무고 그 주택의 이전 소유주께서도
애지중지 하시며 매년 조경회사에서 가지치기등 철저한 관리를 해온 나무입니다.
종로구청 해당 담당직원에게 문의하니 소나무를 뽑아서 옮겼다가 다시 심을수 있다고 하는데 과연 가능한 일일까요?
무계원을 짓고 여러사람들이 와서 즐기는것도, 또 주차장을 지어서 주민들의 편의를 도모하는것도 모두 부암동이 더 살기좋은 동네로 만들자고 하는일인데 과연 동네의 상징과 같은 오랜 소나무를 잘라내는것이 더 좋은 동네를 만드는 일인지요.
동네 몇몇 주민들과도 이야기를 해봤더니 말도 안되는 소리를 하고 있다고 흥분하더군요.
종로구청에서도 알고 계시계지만 10년전 현재 현진건 집터에 있던 거대한 아름드리 은행나무 두그루가 하룻밤 사이에 잘려나갔던 일이 있었지요.
그때도 동네 주민들이 흥분하여 나무 자른사람을 고발해야 한다고 난리였던 일을 기억할 것입니다.
부암동의 상징인 소나무를 살려주세요.
주차장 건립을 반대하는게 아닙니다. 소나무를 살리면서 주민의 편의도 도모하는 주차장을 건립하자는 것입니다.
종로구의 적극적인 검토 바랍니다.",건설교통국 주차관리과,2020-09-16 17:37:41,"1. 구정 발전을 위하여 협조해 주셔서 감사드립니다.
2. 귀하께서 민원제기하신 우리구 부암동 328-2번지 일대 공영주차장 및 문화시설 신축부지는 현재 설계용역이 완료되어 공사착공 예정에 있는 현장으로 부지내에 있는 소나무는 공사를 위해 부득이 다른 장소에 옮겨심은 후 재이식이 필요함을 알려드리며,
3. 관계자(관계부서, 시공자) 및 조경업체와 소나무의 생존을 위해 최선의 방안을 마련하여 추진하도록 노력하겠습니다.
4. 기타 궁금하신 내용이 있으시면 종로구청 주차관리과(담당 허윤정, ☎2148-3348)로 문의하시면 성심껏 답변드리겠습니다. 끝."
74,롯데캐슬 천지인 주차장 건,정○○,2020-09-07 18:54:42,"현재 지하 2.3층 주차 차단기를 설치 했습니다.
입주민의 불편은 연일 계속 되고 있습니다.
지난번 민원에 문제는 이미 적시를 한 것으로 알고 있습니다.
공용 부위를 용도를 변경 하거나 다른 용도로 사용 하고자 할시 대표회의 의결을 거처 공고를 한 다음 해당 주민의 찬반 동의를 받고 해당 관청에 신고를 하고 변경을 하거나 해야 한다고요, 그러나 당 아파트는 절차를 무시하고 공사 부터 강행하여 입주민의 재산상에 손실을 끼치고 입주민에게 불편을 초래 하였습니다. 이에 대한 민원을 지 난번에도 넣었습니다.
이것을 어떻에 처리를 하였는지 처리 결과를 원하는 것인데 절차만 얘기 하시네요.
잘 못되었으면 철거 요청을 했다거나 시정요청을 했다거나 결과를 알고 싶은 것입니다.
수고 하세요.",도시관리국 도시개발과,2020-09-25 14:41:32,"1. 우리구정 발전에 협조하여 주시는 ○○○님께 감사드립니다.
2. ○○○님께서 우리구로 제출하신 민원은 “관리주체의 공용부분 무단변경에 대한 조치”에 관한 내용으로 이해됩니다.
3. 문의하신 내용에 대해 현장확인 및 검토한 바, 해당 관리주체의 행위는 공동 주택관리법 행위허가 위반사항으로 무단증축한 주차차단기 4개소(지하2·3층)에 대하여 원상복구 지시하였음을 알려드립니다.
4. 끝으로 가정에 행복이 가득하시길 기원하며, 문의하신 사항과 관련하여 더 궁금하신 사항은 우리구 도시개발과 정성웅(☎02-2148-2685)으로 연락주시기 바랍니다. 끝."
75,조계사 앞 유턴구역 주정차를 단속해주세요,박○○,2020-08-19 12:30:15,"조계사 앞 유턴구역에 불법주정차 차량이 너무 많아서 유턴이 어렵습니다.
주중은 괜찮은데, 주말 오전에 아주 심합니다.
유턴하려는 차량이 유턴을 하는데 어려움을 겪습니다.
단속해주세요.",건설교통국 주차관리과,2020-08-24 16:11:56,"1. 우리 구정발전을 위하여 협조하여 주시는 선생님께 감사드립니다.
2. 도로는 통행하는 목적으로 사용하는 장소로서 도로교통법 제32조 내지 제34조에 의하여 주정차를 금지하고 있으나, 제34조2에 주정차를 금지하는 장소 중에 지방경찰청장이 구역·시간·차의 종류를 지정하여 허용구간을 설정하고 있습니다.
3. 우정국로 상에는 조계사 방면으로 160m와, 인사동 방면으로 220m가 공휴일 06시부터 22시까지 주정차허용구간으로 설정이 되어있습니다.
4. 신고하신 우정국로의 주정차 민원은 현장단속공무원이 2020.8.23.(일) 13:30과 19:00 출동하여 주정차허용구간 외와 우회하는 장소에서 차량에 이동지시서를 발부하였습니다.
5. 주정차 민원은 신고순으로 현장 출동함으로 인해 다소 지연되는 경우 많은 양해를 부탁드리며, 불편이 있을 시 단속반(02-2148-3374~5)으로 연락주시면 신속한 조치가 되도록 하겠습니다.
6. 선생님 가정에 건강과 행복이 늘 함께 하시길 기원하며, 더 궁금하신 내용은 전화 (02-2148-3373) 주시면 성심껏 답변 드리겠습니다. 끝."
76,올림픽 생활기념관 앞 횡단보도 보완관련 신청,주○○,2020-08-03 13:06:44,"올림픽 생활기념관 근처 다둥이 카센터 앞에 횡단보도가 있는데 8번마을버스 정류장도 같이 있습니다. 마을 버스가 승하차를 위해 정차해 있는 동안 뒤에 차들이 마을버스를 추월해서 가는 경우가 있는데 이때 중앙선을 넘어 횡단보도를 지나게 됩니다.
아이들도 많이 지나다니는 길이고 마을버스앞으로 횡단보도를 건너는 사람이 있다면 사고 위험이 높습니다. 차들이 중앙선을 넘지 못하도록 중앙선에 봉을 세운다던지 해서 어떤 조치를 취했으면 합니다.",건설교통국 교통행정과,2020-08-04 08:39:09,"1. 우리구 교통 안전에 대해 많은 관심을 가져 주신 귀하께 감사의 말씀을 드립니다.
2. 건의하신 ‘올림픽 생활기념관 횡단보도 일원 차량 추월 조치요청’과 관련하여, 관할 경찰서 등과 현장 합동점검을 완료하였으며, 장마가 끝난후 조속한 시일내 시선유도봉 등 교통안전시설을 설치하도록 하겠습니다.
3. 더 궁금하신 사항이 있으신 경우 우리구 교통행정과(담당:주 완, ☎2148-3276)로 연락주시면 친절히 상담해 드리겠습니다. 끝."
77,공영주차장 경차할인 관련문의,고○○,2020-07-29 11:22:12,"724일 동묘를 방문하면서 첨부한 사진의 공영주차장을 이용했습니다.
무인카드결제 시스템이였고, 안내문에 경차할인 내용이 없었으며
문의하기위해 호출버튼을 계속해서 눌렀지만 받지않아 그냥 결제했구요.
이후 광장시장을 방문하고 공영주차장을 이용하면서 안내문을 확인했지만
역시나 경차할인에 대한 내용이 없어 그냥 결제하려는데
결제해주시는 분이 경차할인을 적용시켜주셨습니다.
이후 종로구청 홈페이지에서도 확인해보니 공영주차장 경차할인제도가
있는데 무인공영주차장은 해당이 안되는건가요?
대부분 무인이여도 결제기계 안에 경차할인내용이 있어 늘 할인을 받았었는데
이 곳은 그런 내용이 전혀 없었습니다.
답변부탁드립니다.",건설교통국 주차관리과,2020-07-31 17:25:46,"1. 구정 발전에 협조해주시는 귀하께 감사드리며, 제기하신 민원사항에 대하여 답변 드리겠습니다.
2. 먼저 공영주차장 이용에 불편 드린점 사과의 말씀 드리며, 경차 할인이 되지 않은 부분에 대하여 환불 조치를 진행하였음을 알려드리니 참고하시기 바랍니다.
3. 귀하의 가정에 행복이 가득하길 바라며, 추가로 문의사항이 있으실 경우, 주차관리과(☎2148-3334)로 연락주시면 성심껏 답변 드리겠습니다. 감사합니다. 끝."
78,창신2동 재개발 관련,강○○,2020-07-23 20:25:10,"종로구 창신2동은 부동산 경기침체 및 주민들간의 이해관계 갈등으로 2013년 재정비촉진지구가 해제되었으나 그간의 방치로 인해 지역의 쇠퇴는 여전히 심각하게 진행중에 있습니다.

창신2동에 한번 방문하신 적이 있다면 좁은 골목길과 건물들의 노후도, 접도율, 무허가 주택, 주차난 등 종로구의 이름에 걸맞지 않은 슬럼화가
지속적으로 심화되고 있다는걸 목격하실겁니다.

과거와 달리 봉제산업은 중국과의 경쟁력 저하로 침체가 가속화되고 있으며 현재는 2007년 재정비촉진지구로 지정될 당시와 2013년 해제될 당시와는 시대적인 변화와 부동산 시장의 뚜렷한 변화가 일어났습니다.

서울시의 도시재생사업으로 도로 포장, 가로등 설치, 벽화 그리기, 지역 랜드마크 건설 등 1000억원 가까이 쏟아부었지만 주민들의 평가와 방문객의 판단은 재생사업 실패라고 단언해도 무리가 아닙니다. 그냥 창신2동을 한번 방문하시고 골목길을 돌아보시면 아실겁니다.

소방도로가 확보되지 못하고 곧은 도로가 한 군데도 없으며 2차선 도로가 전무하다 시피한 창신2동을 보면서 도심 고밀도 재개발이 필요한 곳이 정작 창신 2동일 텐데 종로구와 서울시는 주민 주거환경 개선이나 효율적인 도심 개발에 전혀 관심이 없어 보입니다.

주민들의 동의하에 해제되었으니 이후의 발생되는 것은 모두 주민의 운명이라고 방치하고 있는것인가요?

시대적 산업적 경제적 변화가 이뤄진 만큼 노후화가 진행될만큼 진행되고 낙후 될 만큼 낙후된 이 동네를 해당 자치구청과 서울시가 심도있게 검토하고 주민들의 의견을 수렴하는 절차가 진행되길 바랍니다.

서울 시내 종로 한복판에 이렇게 주민이 살수 없을 만큼 낙후된 곳을 마냥 방치하고 있다는 것이 너무나 안타까워 민원을 신청하며 이에 대해 행정기관에서는 어떤 의견을 갖고 어떠한 로드맵을 수립하고 계신지 궁금합니다.

*창신2동 골목길을 구석구석 한번 돌아봐 주세요. 정상적인 생활이 불가능한 동네입니다.",도시관리국 도시개발과,2020-07-28 19:19:43,"1. 평소 우리구정 발전에 협조하여 주시는 데 대해 감사드립니다.
2. 선생님께서 접수하신 상담민원(접수번호 : 202007232025109930)에 대해 아래와 같이 답변드립니다.
가. 도시개발과 주택개발팀
- 회신내용

나. 주거재생과 재생사업팀
- 회신내용

3. 끝으로 가정에 행복이 가득하시길 기원하며, 문의하신 사항과 관련하여 더 궁금하신 사항은 우리구 도시개발과(☎02-2148-2686), 주거재생과(☎02-2148-2625)로 연락하여 주시기 바랍니다. 끝."
79,종로생명숲어린이집_연계_시민공원_재정비_건(2),서○○,2020-06-09 16:39:39,"바로 앞 서 올린
종로생명숲어린이집_연계_시민공원_재정비건에 관하여
에 필요한 첨부 사진 보충해서 올립니다. 참고하여 주시면 감사하겠습니다.

1번 내용 - 추가 사진 참조(첨부사진: 새로옮긴벤치01_1)

2번 내용 - 사진 참조(첨부사진: 02) - (정자있던 자리: 보시다시피 정자를 애용하시던 할머님들이 여기저기 쪼그려 앉아 계십니다-사진 왼쪽 짤린 부분에도 할머니가 주차 방지용 사각기둥에 앉아 계십니다)

추가3번 내용 - 관련 벤치의 정확한 자리는 (첨부사진: 추가03) 참조하시기 바랍니다.",도시관리국 공원녹지과,2020-06-12 11:30:44,"안녕하십니까? 항상 우리 구정 발전을 위해 노력해 주시는 강○○님께 깊은 감사를 드립니다.
먼저 산책로 이용에 불편함을 드린점 죄송하다는 말씀드리며 문의하신 평창동주민센터 뒤 산책로와 관련한 3가지 요청사항에 대하여 아래와 같이 답변 드리겠습니다.
1. 며칠 전 유선으로 말씀드렸다시피 기존에 있던 정자는 본래 존치 예정이었으나 산책로 포장을 위해 바닥의 블록 철거시 드러난 구조안전상의 문제로 철거 하였으며, 신규 설치는 건축과에서 진행하는 2020년 전통정자 축조사업을 통해 금년에 새로 설치할 예정임을 다시 한 번 알려드립니다.
2. 또한 벤치 이설과 관련해서는 우리구 주민분들이 직접 설계단계서부터 참여하시는 지역사회혁신계획(이하 ‘협치’)사업이 진행되는 대상지이며, 벤치이설은 협치 회의를 통해 결정되는 내용이므로 즉각 조치가 어려운 점을 안내해 드렸었습니다. 그리고 금주 협치 참여자들의 회의 내용에 따라 벤치를 현재 있는 자리에서 이설하기로 결정되었으나, 안타깝게도 선생님께서 지정해주신 자리는 식재계획이 있어 설치가 불가하며, 대신 맞은편에(주차면을 등지고) 설치예정임을 알려드립니다.
3. 마지막으로 현재 산책로 구역에 위치한 벤치는 총 6개소로 전체규모, 현재 식재면적 및 운동시설물 위치나 안전거리 확보 등 현장여건과 예산 등을 고려했을 때 추가설치는 어려울 것으로 사려되오니 이점 너그러운 마음으로 양해 부탁드립니다.
4. 다시 한 번 좋은의견 주신 선생님께 감사의 말씀드리며, 더 궁금하신 사항이 있으시면 공원녹지과(담당 서예림, ☎02-2148-2864)로 문의하여 주시면 성심껏 안내해 드리겠습니다. 선생님의 가정에 건강과 행복이 늘 함께 하시길 기원합니다. 감사합니다. 끝."
80,종로생명숲어린이집_연계_시민공원_재정비건에 관하여,서○○,2020-06-09 16:22:53,"종로생명숲어린이집_연계_시민공원_재정비가 최근 있었습니다.
그런데 정비 이전과 정비 이후, 달라진 점이 많습니다. 장단점이 있지만, 이하 달라진 점을 다시 복구해주시기를 청원드립니다.

1. 생명숲어린이집 주차장 옆(첨부사진01, 02 참조) 앵두나무 아래에 벤치가 있었는데,
이번에 재정비하면서 없앴습니다. (평창동 주민들이 3년 정도 앉던 자리인데 없으니 너무 불편합니다.)
다시 벤치를 복구해주시기를 청원합니다.

(대신 그 위쪽으로, 서울예고 주차장 붙여서 벤치를 새로 배치했는데, 한번 앉아보시기 바랍니다. 바로 주차장과 마주보고있어
자동차가 출발할 때, 앉아서 매연을 먹게되고, 사람들이 집입하는 집입로 입구와 붙여서 배치하여, 강아지 산책하고 벤치에서 쉴 때
여간 불편한 게 아닙니다.)

녹지과 담당자에게 전화해서 말씀드렸으나, 거기나 여기나 뭔차이가 있냐는 답변을 하셨습니다면, 담당자님께서 한번
양쪽 모두 앉아보시기 바랍니다.

원래 앵두나무 아래 자리는 앞이 화단이고, 생명숲 주차장이 옆으로 있고 간격도 (지금 새로 하신 곳 보다) 좀 있어서
쉴 수 있습니다.

벤치의 설치 목적은 주민들이 앉아서 쉬라는 건데, 지금 새로 배치한 자리는 쉴 수 가 없는 환경입니다.
바로 옆 로이병원 환자분들도 (예전 벤치는) 즐겨 애용하셨던 자리인데, 지금 새로 배치한 자리는 너무 불편합니다.

우선 배치 변경 사유를 밝혀 주시고, 충분한 고려와 사전 조사가 진행되었는지, 주민들이 어떤 방식으로
그 공간을 이용하고 있었느지에 대한 조사 등이 이루어졌는지,

답변을 주시고, 조처를 해주시되, 만약 조처가 안된다면,
주민들 전원 누구나 납득할 수 있는, 변경 사유를 밝혀주시기 바랍니다.
변경사유를 주민센터 통에 공개하고, 누구나 납득이 안될 경우,
단체 민원 등의 행동으로 옮길 예정입니다.


2. 금강빌라 등 주변 빌라의 어르신 및 노약자분들이 즐겨 이용하던, 정자가 있었는데
그것도 없앴습니다. 여름에는 노인분들 쉼터 역할을 톡톡히 하였지요.
주민들의 사랑방과도 같은 역할을 하였는데,
이것에 대해서도 복구민원 신청 올립니다.

추가3. 운동기구 집단 배치한 저 위쪽으로도 2개의 벤치가 있었는데, 현재 1개만 있고
1개는 없습니다. 그러니까 큰 도로쪽 인도에서 들어오는 입구에 있던 벤치도 없앴습니다.
이것도 가능하면 복구해주시기 바랍니다. 그 자리도 벤치 자리로는 참 좋은 자리입니다.",도시관리국 공원녹지과,2020-06-12 11:31:47,"안녕하십니까? 항상 우리 구정 발전을 위해 노력해 주시는 강○○님께 깊은 감사를 드립니다.
먼저 산책로 이용에 불편함을 드린점 죄송하다는 말씀드리며 문의하신 평창동주민센터 뒤 산책로와 관련한 3가지 요청사항에 대하여 아래와 같이 답변 드리겠습니다.
1. 며칠 전 유선으로 말씀드렸다시피 기존에 있던 정자는 본래 존치 예정이었으나 산책로 포장을 위해 바닥의 블록 철거시 드러난 구조안전상의 문제로 철거 하였으며, 신규 설치는 건축과에서 진행하는 2020년 전통정자 축조사업을 통해 금년에 새로 설치할 예정임을 다시 한 번 알려드립니다.
2. 또한 벤치 이설과 관련해서는 우리구 주민분들이 직접 설계단계서부터 참여하시는 지역사회혁신계획(이하 ‘협치’)사업이 진행되는 대상지이며, 벤치이설은 협치 회의를 통해 결정되는 내용이므로 즉각 조치가 어려운 점을 안내해 드렸었습니다. 그리고 금주 협치 참여자들의 회의 내용에 따라 벤치를 현재 있는 자리에서 이설하기로 결정되었으나, 안타깝게도 선생님께서 지정해주신 자리는 식재계획이 있어 설치가 불가하며, 대신 맞은편에(주차면을 등지고) 설치예정임을 알려드립니다.
3. 마지막으로 현재 산책로 구역에 위치한 벤치는 총 6개소로 전체규모, 현재 식재면적 및 운동시설물 위치나 안전거리 확보 등 현장여건과 예산 등을 고려했을 때 추가설치는 어려울 것으로 사려되오니 이점 너그러운 마음으로 양해 부탁드립니다.
4. 다시 한 번 좋은의견 주신 선생님께 감사의 말씀드리며, 더 궁금하신 사항이 있으시면 공원녹지과(담당 서예림, ☎02-2148-2864)로 문의하여 주시면 성심껏 안내해 드리겠습니다. 선생님의 가정에 건강과 행복이 늘 함께 하시길 기원합니다. 감사합니다. 끝."
81,숭인 제4공영주차장 공사현장관련 민원입니다.,유○○,2020-03-19 12:31:31,"안녕하세요.
숭인 제4공영주차장 공사현장 옆 건물 입주민입니다.
공사관련으로 몇가지 여쭤보고자 상담민원 신청합니다.

1. 현재 강풍주의보에도 불구하고 펜스를 사용하지 않고 공사하고 계십니다.
저희 건물로 공사 먼지와 흙이 모두 날아 들어와 차에 흙이 쌓이고 주차장이 엉망입니다.
지난 번 현장에 계신 분들께 비산먼지가 건물로 넘어오지 않도록 간곡히 부탁드렸는데 오늘 또 펜스 없이 공사하고 계시네요.
비산먼지발생사업신고는 하고 이렇게 공사하시는건지 궁금하네요. 제출하신 신고서 있으면 확인 부탁드리고 주차장으로 먼지가 넘어오지 않도록 조치 취해주십시오.


2. 전봇대와 전기선 문제입니다.
저희 건물 한뼘정도 되는 거리에 전봇대를 설치하셨습니다. 더불어 그 전봇대에 연결되는 전기선이 저희 건물 2층 창문에 닿을듯 말듯할 정도로 가까이 설치된다고 하더군요. 전선 지중화사업이 시작되고 있는 세상에 이런 질문을 올리는거 자체가 황당합니다.
주택과 최소 1m이상 떨어져서 설치해야 한다고 들었습니다만 왜 이렇게 진행하시는거죠?

빠른 시일 내에 답변을 포함한 회신 부탁드립니다.",건설교통국 주차관리과,2020-03-23 14:49:02,.
82,광장시장동문 공휴일 주차단속을 요구합니다,박○○,2020-01-05 23:50:26,광장시장 동문입구는 휴일에 2시간이내에 주차를 할 수있게 되어 있습니다 그러나 시장에 상인들은 그것을 이용하여 휴일에 하루 종일 주차를 해서 시장 방문하는 사람들을 위한 주차를 하루 종일 하고있습니다 휴일에 시장을 방문하는 시민들을 위하여 2시간마다 불법주차하는 상인들의 불법주차를 단속해 주시기 바랍니다 앞으로 명절전에 전통시장 주변에 2시간이내에 주차를 허용하고 있습니다 그러나 시장에 상인들은 그것을 알고 하루종일 주차를합니다 방문하는 시민들을 위해서 2시간이내에 주차하는 차량을 단속해 주시기 바랍니다,건설교통국 주차관리과,2020-01-21 16:24:20,"1. 우리 구정발전을 위하여 협조하여 주시는 선생님께 감사드립니다.
2. 종로5가부터 청계5가 사거리까지는 토공휴일 10시부터 17시까지 서울지방경찰청에서 주정차허용구간을 지정하였으며, 하위 1차로에 2시간 이내로 주차의 방법을 제한하였습니다.
3. 선생님께서 신고하신 허용구간에 대하여 현장단속공무원이 2020.1.11.(토) 13:00, 1.18.(토) 17:00, 1.19.(일) 16:00 순회하여 시간제 주차에 대해서 준수하도록 차량에 이동명령서를 발부하였습니다.
4. 주정차 위반은 신고순으로 현장 출동함으로 인해 다소 지연되는 경우 이해해 주시고, 단속반(02-2148-3374~5)으로 연락주시면 최대한 신속히 조치가 되도록 하겠습니다.
5. 선생님 가정에 건강과 행복이 늘 함께 하시길 기원하며, 더 궁금하신 내용은 전화 (02-2148-3373) 주시면 성심껏 답변 드리겠습니다. 끝."
83,금연구역을 지정해주세요 간접흡연 피해를 많이보고 있습니다,최○○,2019-08-23 12:19:22,"흡연때문에 넘 힘듭니다 저는 시민열린마당주차장에 근무하고 있습니다 옆건물 더케이 트윈타워 걸물사라들이 주차장옆으로 와흡연하고 꽁초도 막버립니다
여긴 한복대여점도 있어 관광객도 많이 오는데 참 부끄럽습니다
근무지 가까이와 흡연하는사람 제제하면 당신이 뭔데 이럽니다 제나이 64살입니다
외 일하는사람이 피해를 봐야는지 구청에서 봐주세요
제발 금연구역 지정해주서요 진짜 힘듭니다 부탁드립니다
시민열린마당부근만이라도 해결해주세요
기다리 겠습니다",보건소 보건위생과,2019-09-04 13:22:13,"1. 우리 구정 발전을 위한 많은 협조와 관심에 감사드립니다.
2. 선생님께서 제기하신 민원에 대하여 답변드립니다.
가. 민원 내용 : 시민열린마당 공영주차장 금연거리 지정
나. 답변 내용
○ 먼저 간접흡연으로 불편을 겪으신 점 위로의 말씀을 드립니다. 선생님께서 건의하신 시민열린마당 옆 공영주차장 일대의 금연구역 지정은 인근 다른 장소로의 흡연자 집중과 그에 따른 새로운 민원 발생 등을 우선적으로 고려해야 함과 이후의 인력 확보 등 여러가지 사항을 검토해야 합니다.
○ 또한 종로구청 일대 대형빌딩 건물주 등에게 자체 흡연실을 이용하여 민원의 불편사항이 발생하지 않도록 지속적으로 협조요청을 하고 있습니다. 앞으로도 지속적인 금연구역 점검 및 단속을 통하여 금연환경이 조성될 수 있도록 노력하겠습니다.
3. 기타 더 궁금하신 사항은 종로구보건소 보건위생과(담당: 최상진 ☎2148-3544)로 문의하시면 성심껏 답변 드리겠습니다. 감사합니다. 끝."
84,공무원의 민원처리 자세 및 근무기준과 민원차리규정에 관한 법률 숙지부족,장○○,2019-07-23 07:44:06,"7월 21일 주차단속 기준에 관한 민원을 제시하였으나 다수의 공무원들이 민원처리 절차와 규정을 숙지히지 못하고 답변의 의무 자체가 없다는 등의 답변을 받았습니다. 부서별 공무원별 모두에게 유선상 민원을 제시하였으나 처리되지 않았고 120을 통해서도 민원을 접수하였습니다.
고충민원에 대한 답변을 받기 위해 법률에서 정한 문서상의 접수를 함과 동시에 이미 7월 22일에 감사과에 해당 다수 공무원들의 민원처리 과정의 조사를 유선상으로 요청하였습니다.
조사내용에 대해 신속하고 정확한 답변을 바라며 통화내용이 녹음되고 있음을 고지하였음으로 차후 통화녹음 자체를 온라인상에 공개하여 공무원들의 근무태만을 널리 알려 경각심을 갖게 하는 일이 위법한 사안인지 확인 부탁드립니다.
또한 차후 기자실에서 당사자와 관계부서의 장 그리고 구청장의 해명과 공식적인 사과를 요청하는 바입니다.",감사담당관,2019-07-31 13:55:45,"1. 안녕하십니까? 구정 발전을 위하여 의견 주심에 감사드리며, 선생님께서 제기하신‘종로구청 주차관리과 주정차 단속 근무자와 주말 상황실 근무자의 직무 태도 및 업무절차’민원내용에 대하여 답변드리겠습니다.

2. 먼저, 불법주정차 민원처리 및 진행사항을 안내하는 과정에서 담당직원이 민원인의 입장에서 생각하지 못하고 민원응대를 했던 부분에 대해 사과드립니다. 민원처리의 미흡한 부분은 담당직원들에게 전달하고 개선 요청 하였으며, 더 친절한 안내와 공감하는 자세로 민원처리에 응하도록 노력하겠습니다.

3. 평일과 주말에 120 서울시다산콜센터를 통해 접수되는 주차민원의 경우 주차관리과에서 접수→현장조치→답변 과정을 통해 처리되며, 우리구 당직실로 직접 전화접수된 경우에 한해 상황실 근무자가 민원내용을 현장단속 업무를 전담하는 단속반에게 전달하여 불법주정차 민원을 처리하고 있습니다.

4. 불법주정차 민원처리의 경우, 빠른 민원처리를 위하여 전산 상 민원안내 처리와 현장단속이 동시에 이루어지다보니 처리진행 안내문자 도착에 앞서 현장단속이 먼저 진행 될 수 있으며, 안내문자의 경우 120 다산콜시스템을 통해 자동으로 발송되는 과정에서 시스템 연계 처리로 인하여 발송 후 도착까지 시간이 다소 지연될 수 있음을 너그러이 양해 부탁드립니다. 또한 민원응대 시 담당자 본인의 소속과 이름을 밝힐 수는 있지만 추가적인 개인정보를 제공하지 않으며, 특정인의 이익을 위하여 업무처리를 하지 않음을 알려드립니다.

5. 추가로 문의하신 고충민원의 처리기간은 민원처리사무에 관한 법률 시행령 제17조에 따르면 (처리기간) 행정기관의 장은 고충민원을 접수한 때에는 특별한 사유가 없으면 7일 이내에 처리하여야 하며, (실지조사) 행정기관의 장은 고충민원의 처리를 위하여 필요한 경우 14일의 범위에서 실지조사 등을 할 수 있습니다. 다만, 부득이한 사유로 14일 내에 실지조사 등을 완료하기 어렵다고 인정되는 경우에는 7일의 범위에서 그 기간을 한 차례만 연장할 수 있습니다.


6. 공익을 위해 제보해주신 민원처리 과정에서 만족스러운 결과를 드리지 못해 심려를 끼쳐드린 점 다시 한번 양해의 말씀드리며, 불법주차로 인한 불편이 있을시 주차관리과 단속반(02-2148-3375~6)으로 연락주시면 최대한 신속한 조치(단속 및 이동)가 이루어 질수 있도록 더욱 노력하겠습니다. 기타문의 사항은 종로구청 감사담당관 장준원(02-2148-1223)에게 연락주시기 바랍니다. 끝."
85,불법 생활폐기물 단속바랍니다.,강○○,2019-07-15 11:54:14,"1. 빌라 앞에 불법폐기물을 버리고서 몇주째 치우지 않고 있습니다. 어디서 나온 폐기물인지 알고 있으나 주인을 만나기도 쉽지 않고 비 양심적으로 시간을 보내고 있습니다. 어떠한 대처방안이 있는지 알고싶습니다.
2. 빌라 내 주차장에 다량의 폐지와 물건들을 쌓아놓고 있습니다. 물건을 많이 쌓아두어서 주차공간까지 침범하는 상황입니다. 너무 많이 쌓여서 제 차에 넘어질까 노심초사하고 있습니다. 이 부분에 대해서 어떠한 대처를 할 수 있는지 알려주세요
3. 음식물쓰레기를 종량제봉투에 담지 않고 비닐에 담에서 폐기하고 있습니다. 심증은 있으나 확실한 물증이 없는 상태입니다. 집앞에 방범용 CCTV가 있는데 구청에서 이를 확인할 수 있는지 알고싶습니다. - 의심되는 날짜 및 시간은 있습니다.",지속가능국 청소행정과,2019-07-17 09:08:17,"1. 구정업무에 관심가져 주셔서 감사드립니다.
2. 귀하께서 제기하신 민원사항에 대하여 아래와 같이 답변 드리겠습니다.
3. 2019.7.15. 현장을 방문하여 빌라 부지내 무단으로 배출되어 있는 대형폐기물은 주민불편해소 차원에서 수거처리 하였으나, 기타 빌라내에서 발생되는 배출위반 생활폐기물은 수거거부 대상이 되므로 거주민 회의 등을 통해 자체적으로 개선 하셔야 할 사항임을 널리 양지하여 주시기 바랍니다.
4. 소중한 신고 다시한 번 감사드리며, 추가로 문의사항이 있으실 경우 청소행정과 (담당 강영근 ☎2148-2372)로 연락주시면 성심껏 답변 드리겠습니다. 감사합니다. 끝."
86,송현동 대한항공 매각부지관련 의견입니다,김○○,2019-06-12 10:57:41,"안녕하세요 대한항공부지매각 관련 인터넷기사를 접했습니다 공원을조성해서 지하주차장을 만든다는..
물론있으면좋겠죠 근데 이유가 관광객단체버스로 인한 교통정체가 이유라면 반대합니다 옛터이니까
주차할곳이 없는건 당연하겠죠 개발을하면 회손되는게 당연하구요
그리고 공원이 있는곳에 꼭 주차장이 있어야 되나요?? 근처에 주차장을 잘활용할수 있게 해야되는게아닐까요?
주차비가 터무니없이 비싼곳이나 개방주차장만 관리해도 어느정도 해소가 될거같습니다
저조차도 종로를 방문할때면 주차할곳이 없어 근처 주차를하고 걸어가거나 2시간이나 걸리는 거리여도 대중교통을이용합니다
외국를 예로들어봅니다 그리스 신전..엄청난유적이죠 그리스신전 코앞까지 관광버스로 들어가나요???
한참이걸려도 걸어들어가거나 셔틀?코끼리열차같은거 타고들어가지않습니까~
대중교통이 우리나라처럼 잘되어있는나라도 없는데 코앞에까지가서 주차를하려고하는지...
종로를 오고싶어하는 내외국인모두 경복궁만 보고가지않고 종로일대를 관광하지않습니까~
종로일대를 편하게 돌아다닐수있는 교통편을 개발해주세요",행정국 기획예산과,2019-06-18 16:09:18,"1. 구정 발전을 위하여 관심가져주시는 선생님께 진심으로 감사드립니다.

2. 현재 우리 구는 관광정책 방향이 관광버스를 외곽에 주차하고 셔틀버스를 도입하는 것으로 바뀌어야 한다는 입장입니다. 이와 관련한 토론회도 2019. 6. 17.에 개최한 바 있습니다.

3. 일부 언론에서 송현동 부지와 관련해 보도한 주차장 건립 내용은 2010년 송현동 부지를 우리 구청 부지와 바꿀 경우 공간 규모에 대한 검토자료였을 뿐이며 지금 우리 구 정책과는 다릅니다.

4. 송현동 부지는 숲(공원) 조성이 원칙입니다. 지하 주차장은 향후 송현동 부지 활용 계획이 구체화되면 주민 의견을 수렴하여 진행할 예정입니다.

5. 소중한 의견 주신 점 감사드리며 기타 궁금한 내용이 있으면 종로구청 기획예산과 (☏2148-1412)로 연락주시면 성심성의껏 답변해드리겠습니다.

붙임 민원내용 1부. 끝."
87,종로12번 버스 정류장의 변경으로 인한 불편,왕○○,2018-07-24 13:13:13,"지난 주부터 바뀐 종로 12번 버스 정류장 종묘공원 근처에 공사를 계속해서 벌이고 있어 버스 승차하는 데 어려움이 많습니다.
사진에서 볼 수 있듯이, 공사 관련 차량으로 정류장이 막혀 버스를 기다리는 사람을 버스 운전기사가 볼 수 없으며, 정차하기도 힘든 상황입니다.
그리고 정류장이 설치된 푯말 바로 뒤에도 공사 관련 자재들이 쌓여 있어 사람들이 기다리에도 힘든 장소입니다.
원래 위치였던 종로3가 지하철역 근처로 다시 바꿔주시면 좋을 것 같습니다.

그리고 매일 아침 종로12번 버스를 이용하는데 매번 버스 배차가 달라 출근에 지장이 많습니다.
특히 어제는 폭염에 많은 시민들이 50m 이상의 줄을 서서 오지 않는 버스를 20분 넘게 기다리기도 하였습니다.

배차시간을 맞춰주시고 버스 정류장 위치를 원래 위치로 이전하면 많은 시민들이 더욱 편리하게 이용할 수 있을 거라고 생각됩니다.",안전건설교통국 교통행정과,2018-07-27 10:29:52,"1. 먼저, 종로 마을버스를 이용하여 주심에 감사드립니다.

2. 종로4가.종묘공원(01-539) 정류소는 당초 종로3가 11번 출구 앞으로 이전하였으나
세운상가 앞 중앙버스정류소(상행,하행)를 이용하시는
시민들의 환승 민원이 다수 제기되었습니다.

종로3가역을 이용하시는 시민은 다음 정류소인(종로3가1.3.5호선,01-550) 이용에 적합하고
버스중앙차로 정류소를 이용하시는 시민은 세운상가 앞 광폭횡단보도를 이용하여
종로4가.종묘공원 정류소가 환승에 적합하여 현위치로 재이설하였습니다.

다만, 재이설한 정류소 주변에 쌓여있는 공사 관련 자재들은
서울시 도시기반시설본부 광역도로과에서 2018.8.15.까지 정리할 예정입니다.

3. 종로4가.종묘공원 정류소는 재이설한 현재의 위치가 최적지임을 말씀드리며,
배차간격을 조정하여 시민 불편을 최소화하도록 운수회사에 요청하겠습니다.
더 궁금한 사항은 우리구 교통행정과(2148-3262)로 문의해 주시면 성심껏 답변드리겠습니다. 끝."
88,거주자주차구역 관리바랍니다.,장○○,2018-06-07 12:46:03,"현재 삼청동 삼청공원 및 베트남대사관 근방에 거주자 주차구역을 배정받아 사용하고 있는 사업자입니다.

삼청동 일대에는 거주자 주차구역이 몇 군데 있지 않은데요, 사용할 때 마다 너무나 불편합니다.

아침 출근을 위해 주차장으로 가면 여지없이 다른 차가 불법으로 주차하고 있습니다.

거주자주차구역의 활용용도가 배정자 차가 주차되어 있지 않은 경우,

다른 차도 잠시 주정차를 할 수 있다고 들은 적이 있기 때문에 번거롭지만 매번 전화를 해서 차량이동을

부탁하고 하는데 최소 5분에서 길게는 15분 이상씩 할애하고 있습니다.

그러나, 가장 불만인 것은 구청의 관리가 아쉽다는 것입니다.

작년~올해 초 도로 공사 등을 하면서 주차구역을 정비하였는데 모든 칸에 배정숫자 (예. 4-16-1) 가 대부분 지워져있는데요.이를 악용하는 불법주차차량이 엄청 많습니다.

이 숫자는 대체 언제쯤 다시 새로 해주실 건가요?

그리고, 다른 지역에 가보면 심지어 아주 좁은 골목에도 거주자주차구역이라고 바닥에 크게 표시해주시던데요.

제가 불법주차차량에 전화할 때 마다 되려 큰소리로 따지며, 거주자주차구역 표시도 없는데 여기가 무슨 거주자구역이냐고 저를 무식한 놈으로 몰고가는 운전자들이 일주에 서너번씩 있습니다.

제가 찾아보니 아주 구석에, 주의해서 봐야만 알 수 있는 표지판 하나 있더군요, 누가 불법주차 하면서 그런거 눈여겨 보겠습니까?


큰 돈은 아니지만 정당한 사용료를 내는 사람으로서, 해당 사용료를 제대로 활용해주셨으면 합니다.

1. 주차구역 내 번호 새로 표시 해주세요.
2. 도로 바닥에 거주자주차구역 표시 해주세요.

끝.",안전건설교통국 주차관리과,2018-06-12 17:42:14,"1. 구정 발전에 협조해 주시는 선생님께 감사드립니다.
2. 우선 거주자우선주차구획 이용 중 불편을 겪으신 것에 대해 사과말씀드리며
6월 중으로 빠른 시일 내 지워진 번호 재도색 및 구획 정비를 처리하도록 하겠으며 도로 노면상 거주자우선주차구역 표기는 유관기관(종로경찰서 교통과) 협의 후 진행하겠음을 알려드립니다.
3. 이와 관련 더 궁금하신 사항은 주차관리과(장주영 ☎2148-3335)로 연락주시면 성심껏 답변드리겠습니다. 선생님의 가정에 건강과 행복이 늘 함께 하시기를
바랍니다. 끝."
89,가회동 성당 근방 주차장 추천 부탁 드립니다.,장○○,2018-03-27 10:15:20,"안녕하세요?
가회동 성당 근방에 노는 주차장 있으신 분이나 주차장 추천 부탁 드립니다.
반경 1km 내외여야 할 것 같습니다.
직장에 주차장이 협소하여 알아보는 중인데 마땅한 곳이 없네요.
월 10만 정도 생각하고 있습니다. 이용하려고 하는 시간은 평일 아침 8시 정도부터 밤 9시나 10시 정도입니다.
걸어서 왔다갔다 해야 하니 사진의 네모칸 내 정도로요.
010-9324-2858",안전건설교통국 주차관리과,2018-03-29 17:27:13,"1. 구정 발전을 위해 협조해 주시는 선생님께 감사드립니다.
2. 우리구는 주차수요에 비해 주차공간이 매우 부족한 실정으로 선생님께서 주차 장소를 찾는데 어려움을 겪으시는 점에 대해 먼저 양해의 말씀을 드립니다.
3. 특히 해당 지역은 주차난이 심각한 곳이며 2018년 4월부터 9월까지 사용하는
거주자우선주차 접수 및 배정기간이 종료되어 공영주차장 이용에 어려움이 있음을 알려드리며 근처 국립현대미술관 서울관에서(주소 : 종로구 삼청로 30) 관내 주민 들을 대상으로 부설주차장을 개방하고 자체 운영하고 있음을 안내드립니다.
4. 이와 관련 종로구 거주자우선주차 문의는 종로구시설관리공단(☎ 2236-0052~3)
으로 국립현대미술관 서울관 주차장 문의는 해당 미술관(☎ 3701-9841)으로
그 외 더 궁금하신 사항은 종로구청 주차관리과 (☎ 2148-3335)로 문의주시기
바랍니다. 선생님의 가정에 건강과 행복이 가득하기를 기원합니다. 끝."
90,북악스카이웨이 정체 및 주차난 해소 방안 문의,박○○,2017-08-25 16:14:35,"안녕하세요. 저는 2주 전 토요일 저녁시간에 북악스카이웨이 팔각정에 다녀온 시민입니다.

결론부터 이야기드리면 저는 주차장 옆길에 주차를 하여 과태료 고지를 받았고, 이를 납부하는데 있어서 제 잘못이었기 때문에 불만은 전혀 없음을 먼저 알려드립니다.

주차장 공간 부족 및 북악산길 정체 문제

북악스카이웨이 팔각정에 오르기 위해서는 2가지 방향이 있습니다. 첫째. 부암동 방향, 둘째. 삼청동 방향

삼청동 방향에서 오르게 되면 도로가 바로 주차장과 연결이 되어 들어가는데 용이합니다. 하지만, 부암동 방향에서 올라갈 때, 주말의 경우 삼청동 방향에서 올라온 차가 길게 늘어져 있기 때문에 팔각정에 도착해도 긴 주차 줄에 껴주지도 않을 뿐만 아니라, 삼청동 방향으로 북악산길을 다시 내려가서 유턴해서 올라와야 되는 문제가 있습니다. (여기서 길이 막히는 이유는 팔각정 내 주차공간이 부족하기 때문입니다.) 처음 팔각정을 방문하는 경우 이런 것을 모르고 방문했다가, 삼청동 방향에서 올라가면 다행이지만, 부암동쪽에서 올라가는 경우 산 길을 다 내려갔다가 다시 올라오고, 또한, 주말의 경우 긴 줄을 처음부터 다시 기다려야 되는 부분이 있습니다. 엄청난 시간 낭비가 되는 부분입니다.

그래서 부암동 방향에서 정체되며 올라온 시민들은 힘들게 올라온 길을 내려갔다가 다시 올라오는 경우도 있겠지만, 대다수 시민들은 (여기서 대다수라 하는 이유는 많은 차량이 옆길 주차를 하기 떄문입니다.) 삼청동 방향으로 내려가다가 그 도로 옆길에 정차된 차량들을 보고 옆 차선 및 뒷 차 진행에 무리가 없는 선에서 똑같이 옆길에 불법 주,정차를 하게 됩니다. 참고로 저는 삼청동 방향에서 올라가서, 30분 이상 기다리다가 팔각정 주차장 다와서 옆쪽에 자리가 비어있는 것을 보고 차를 돌려 주차를 하였다가 해당 과태료를 납부하게 되었습니다.

제가 주차한 시간은 약 15분이었고, 차량에 탑승하여 삼청동 방향으로 내려가다 보니 2분의 경찰관께서 약 70여대 이상 되는 차량에 일일히 주차 위반 고지서를 작성 및 근거를 남기고 계시더라구요.

이러한, 일련의 상황을 보고 제가 느낀 것은 2가지 입니다. 담당자님께 답변을 요구드리는 부분이구요.

1. 담당자님께서는 주말 시간대에 이러한 주차 문제 및 불편이 있다는 것을 인지하고 계셨습니까? 인지하고 계셨다면, 서울시민의 편리한 북악스카이웨이 방문을 위해 해결책을 모색하셨을텐데, 이러한 방안이 있으십니까? 제가 생각했을 때 이렇게 많은 과태료를 받아 종로구청에 세수가 증가한다면, 충분히 개선 사항이나 향후 장기계획이 있을 것이라고 생각합니다.

2. 왜 경찰관님들께서 이렇게 높은 곳 그 분들 올라와서 그런 업무를 하셔야하나요? 해당 업무가 꼭 경찰관님들께서 하셔야 하는 업무인가요? 분명 다양한 업무로 오히려 바쁘실텐데, 이런 업무(해당 업무를 비하하는 것은 아닙니다만)를 하라고 정부에서 뽑은 것이라고 생각되지 않습니다. 만일 해당 업무가 경찰관님이 하셔야되는 업무라면, 해당 업무를 하다가 더 위급한(살인, 강도 등) 사건이 발생하면, 그 높은 북한산길을 다시 내려가서 업무를 하셔야될텐데, 이게 잘 이해가 되지 않는 부분이었습니다. 과태료 수입이 증가하면, 종로구청에서 직접 사람을 채용해서 해당 업무를 처리해도 충분히 가능할 것이라고 생각하는데, 어떻게 생각하시나요?


분명 저는 잘못을 했고, 제 행동에 대해 책임으로 과태료를 납부하였습니다.
하지만, 아무리 생각해도 이러한 주차 불편과 비효율적인 경찰인원 활용에 대한 어이없음과 화가 나는 복합적인 감정 때문에 (과태료 납부에 대한 분노는 아님을 다시 한 번 알려드립니다) 종로구청 담당자님의 생각과 개선 방안이 궁금하여, 이렇게 긴 글 남겨봅니다. 추후 다시 한 번 주말에 방문하여도 이러한 문제가 발생할 것이 자명하기에, 이렇게 민원을 남겨봅니다.

긴글 읽어주셔서 감사합니다.
꼭 답변 부탁드립니다.",안전건설교통국 주차관리과,2017-09-04 17:33:15,"1. 우리 구정발전을 위하여 협조하여 주시는 선생님께 감사드립니다.
2. 북악팔각정은 주이 경관과 휴식을 할 수 있도록 130여대가 주차할 수 있는 주차시설을 확보하고 있으나, 자연녹지와 군사기지 시설보호로 인하여 더 이상의 주차장확보는 제한되어 있습니다.
3. 그리고 이곳은 도로교통법 제32조의 정차 및 주차의 금지지역으로 지방경찰청장이 인정하여 지정한 곳이며, 법 제35조의 주차위반에 대한 조치는 각각 경찰공무원, 시장등이 임명한 공무원이 운전자에게 이동을 명할 수 있게 하고 있습니다. 따라서, 경찰업무에 해당되나 서울시 및 각 구청은 단속공무원을 임명하여 운영하고 있습니다.
4. 또한 팔각정 주변은 불법주정차로 차량안전을 위협하고 통행에 불편이 많아 불편신고가 경찰이나 구청 교통상황실에 자주 접수되어 단속이 지속적으로 이루어 지고 있으며, 일시적 차량증가인 하절기에는 주차장 운영시간을 연장하여 탄력적으로 운영하고 있음(팔각정사무소 02-725-6602)을 참고하시기 바랍니다.
5. 원활한 차량소통을 위한 선생님의 관심에 깊은 감사를 드리고,
건강과 행복이 늘 함께 하시길 기원합니다. 더 궁금하신 내용은 전화(2148-3373) 전화주시면 성심껏 답변 드리겠습니다. 끝."
91,장애인전용주차구역 위반차량을 신고합니다.,변○○,2017-03-12 23:36:33,"장애인전용주차구역 위반차량을 신고합니다.

위반차량 : 21조1652
위반일시 : 2017년 03월 12일 16:55
위반장소 : 서울시 종로구 대학로10길 17 (동숭동 1-67) 대학로예술극장",복지환경국 사회복지과,2017-03-14 17:21:44,"1. 안녕하십니까? 먼저, 장애인 복지 향상을 위한 깊은 관심에 감사드리며
요청하신 민원 사항에 대하여 아래와 같이 답변 드립니다.

2. 2017.03.12. 16시 55분경 종로구 동숭동 대학로예술극장 장애인전용 주차구역 불법주차 차량에 관하여는, 과태료 부과 등록하였으며, 과태료부과사전통지서(편의증진보장위반과태료 부과고지서) 발송예정임을 알려드립니다.

3. 더 궁금하신 사항이 있으시면 종로구청 사회복지과(☎ 02-2148-2565 담당자 변기정)로 전화주시면 성심성의껏 답변 드리겠습니다. 선생님의 가정에 건강과 행복이 늘 함께 하시기를 기원합니다. 끝."
